src/app/(tabs)/_layout.tsx(42,13): error TS2607: JSX element class does not support attributes because it does not have a 'props' property.
src/app/(tabs)/_layout.tsx(42,14): error TS2786: 'View' cannot be used as a JSX component.
  Its type 'typeof View' is not a valid JSX element type.
    Type 'typeof View' is not assignable to type 'new (props: any, context: any) => Component<any, any, any>'.
      Type 'View' is missing the following properties from type 'Component<any, any, any>': context, setState, forceUpdate, render, and 2 more.
src/app/(tabs)/_layout.tsx(44,27): error TS2607: JSX element class does not support attributes because it does not have a 'props' property.
src/app/(tabs)/_layout.tsx(44,28): error TS2786: 'View' cannot be used as a JSX component.
  Its type 'typeof View' is not a valid JSX element type.
    Type 'typeof View' is not assignable to type 'new (props: any, context: any) => Component<any, any, any>'.
      Type 'View' is missing the following properties from type 'Component<any, any, any>': context, setState, forceUpdate, render, and 2 more.
src/app/(tabs)/_layout.tsx(54,13): error TS2607: JSX element class does not support attributes because it does not have a 'props' property.
src/app/(tabs)/_layout.tsx(54,14): error TS2786: 'View' cannot be used as a JSX component.
  Its type 'typeof View' is not a valid JSX element type.
    Type 'typeof View' is not assignable to type 'new (props: any, context: any) => Component<any, any, any>'.
      Type 'View' is missing the following properties from type 'Component<any, any, any>': context, setState, forceUpdate, render, and 2 more.
src/app/(tabs)/_layout.tsx(56,27): error TS2607: JSX element class does not support attributes because it does not have a 'props' property.
src/app/(tabs)/_layout.tsx(56,28): error TS2786: 'View' cannot be used as a JSX component.
  Its type 'typeof View' is not a valid JSX element type.
    Type 'typeof View' is not assignable to type 'new (props: any, context: any) => Component<any, any, any>'.
      Type 'View' is missing the following properties from type 'Component<any, any, any>': context, setState, forceUpdate, render, and 2 more.
src/app/(tabs)/_layout.tsx(102,13): error TS2607: JSX element class does not support attributes because it does not have a 'props' property.
src/app/(tabs)/_layout.tsx(102,14): error TS2786: 'View' cannot be used as a JSX component.
  Its type 'typeof View' is not a valid JSX element type.
    Type 'typeof View' is not assignable to type 'new (props: any, context: any) => Component<any, any, any>'.
      Type 'View' is missing the following properties from type 'Component<any, any, any>': context, setState, forceUpdate, render, and 2 more.
src/app/(tabs)/_layout.tsx(104,27): error TS2607: JSX element class does not support attributes because it does not have a 'props' property.
src/app/(tabs)/_layout.tsx(104,28): error TS2786: 'View' cannot be used as a JSX component.
  Its type 'typeof View' is not a valid JSX element type.
    Type 'typeof View' is not assignable to type 'new (props: any, context: any) => Component<any, any, any>'.
      Type 'View' is missing the following properties from type 'Component<any, any, any>': context, setState, forceUpdate, render, and 2 more.
src/app/(tabs)/_layout.tsx(114,13): error TS2607: JSX element class does not support attributes because it does not have a 'props' property.
src/app/(tabs)/_layout.tsx(114,14): error TS2786: 'View' cannot be used as a JSX component.
  Its type 'typeof View' is not a valid JSX element type.
    Type 'typeof View' is not assignable to type 'new (props: any, context: any) => Component<any, any, any>'.
      Type 'View' is missing the following properties from type 'Component<any, any, any>': context, setState, forceUpdate, render, and 2 more.
src/app/(tabs)/_layout.tsx(116,27): error TS2607: JSX element class does not support attributes because it does not have a 'props' property.
src/app/(tabs)/_layout.tsx(116,28): error TS2786: 'View' cannot be used as a JSX component.
  Its type 'typeof View' is not a valid JSX element type.
    Type 'typeof View' is not assignable to type 'new (props: any, context: any) => Component<any, any, any>'.
      Type 'View' is missing the following properties from type 'Component<any, any, any>': context, setState, forceUpdate, render, and 2 more.
src/app/(tabs)/_layout.tsx(127,13): error TS2607: JSX element class does not support attributes because it does not have a 'props' property.
src/app/(tabs)/_layout.tsx(127,14): error TS2786: 'View' cannot be used as a JSX component.
  Its type 'typeof View' is not a valid JSX element type.
    Type 'typeof View' is not assignable to type 'new (props: any, context: any) => Component<any, any, any>'.
      Type 'View' is missing the following properties from type 'Component<any, any, any>': context, setState, forceUpdate, render, and 2 more.
src/app/(tabs)/_layout.tsx(129,27): error TS2607: JSX element class does not support attributes because it does not have a 'props' property.
src/app/(tabs)/_layout.tsx(129,28): error TS2786: 'View' cannot be used as a JSX component.
  Its type 'typeof View' is not a valid JSX element type.
    Type 'typeof View' is not assignable to type 'new (props: any, context: any) => Component<any, any, any>'.
      Type 'View' is missing the following properties from type 'Component<any, any, any>': context, setState, forceUpdate, render, and 2 more.
src/app/(tabs)/directory.tsx(53,7): error TS2607: JSX element class does not support attributes because it does not have a 'props' property.
src/app/(tabs)/directory.tsx(53,8): error TS2786: 'View' cannot be used as a JSX component.
  Its type 'typeof View' is not a valid JSX element type.
    Type 'typeof View' is not assignable to type 'new (props: any, context: any) => Component<any, any, any>'.
      Type 'View' is missing the following properties from type 'Component<any, any, any>': context, setState, forceUpdate, render, and 2 more.
src/app/(tabs)/directory.tsx(54,9): error TS2607: JSX element class does not support attributes because it does not have a 'props' property.
src/app/(tabs)/directory.tsx(54,10): error TS2786: 'Text' cannot be used as a JSX component.
  Its type 'typeof Text' is not a valid JSX element type.
    Type 'typeof Text' is not assignable to type 'new (props: any, context: any) => Component<any, any, any>'.
      Type 'Text' is missing the following properties from type 'Component<any, any, any>': context, setState, forceUpdate, render, and 2 more.
src/app/(tabs)/directory.tsx(55,9): error TS2607: JSX element class does not support attributes because it does not have a 'props' property.
src/app/(tabs)/directory.tsx(55,10): error TS2786: 'Text' cannot be used as a JSX component.
  Its type 'typeof Text' is not a valid JSX element type.
    Type 'typeof Text' is not assignable to type 'new (props: any, context: any) => Component<any, any, any>'.
      Type 'Text' is missing the following properties from type 'Component<any, any, any>': context, setState, forceUpdate, render, and 2 more.
src/app/(tabs)/directory.tsx(58,9): error TS2607: JSX element class does not support attributes because it does not have a 'props' property.
src/app/(tabs)/directory.tsx(58,10): error TS2786: 'View' cannot be used as a JSX component.
  Its type 'typeof View' is not a valid JSX element type.
    Type 'typeof View' is not assignable to type 'new (props: any, context: any) => Component<any, any, any>'.
      Type 'View' is missing the following properties from type 'Component<any, any, any>': context, setState, forceUpdate, render, and 2 more.
src/app/(tabs)/directory.tsx(60,11): error TS2607: JSX element class does not support attributes because it does not have a 'props' property.
src/app/(tabs)/directory.tsx(60,12): error TS2786: 'TextInput' cannot be used as a JSX component.
  Its type 'typeof TextInput' is not a valid JSX element type.
    Type 'typeof TextInput' is not assignable to type 'new (props: any, context: any) => Component<any, any, any>'.
      Type 'TextInput' is missing the following properties from type 'Component<any, any, any>': context, setState, forceUpdate, render, and 2 more.
src/app/(tabs)/directory.tsx(71,7): error TS2607: JSX element class does not support attributes because it does not have a 'props' property.
src/app/(tabs)/directory.tsx(71,8): error TS2786: 'View' cannot be used as a JSX component.
  Its type 'typeof View' is not a valid JSX element type.
    Type 'typeof View' is not assignable to type 'new (props: any, context: any) => Component<any, any, any>'.
      Type 'View' is missing the following properties from type 'Component<any, any, any>': context, setState, forceUpdate, render, and 2 more.
src/app/(tabs)/directory.tsx(72,9): error TS2607: JSX element class does not support attributes because it does not have a 'props' property.
src/app/(tabs)/directory.tsx(72,10): error TS2786: 'ScrollView' cannot be used as a JSX component.
  Its type 'typeof ScrollView' is not a valid JSX element type.
    Type 'typeof ScrollView' is not assignable to type 'new (props: any, context: any) => Component<any, any, any>'.
      Type 'ScrollView' is missing the following properties from type 'Component<any, any, any>': context, setState, forceUpdate, render, and 2 more.
src/app/(tabs)/directory.tsx(87,17): error TS2607: JSX element class does not support attributes because it does not have a 'props' property.
src/app/(tabs)/directory.tsx(87,18): error TS2786: 'Text' cannot be used as a JSX component.
  Its type 'typeof Text' is not a valid JSX element type.
    Type 'typeof Text' is not assignable to type 'new (props: any, context: any) => Component<any, any, any>'.
      Type 'Text' is missing the following properties from type 'Component<any, any, any>': context, setState, forceUpdate, render, and 2 more.
src/app/(tabs)/directory.tsx(95,9): error TS2607: JSX element class does not support attributes because it does not have a 'props' property.
src/app/(tabs)/directory.tsx(95,10): error TS2786: 'ScrollView' cannot be used as a JSX component.
  Its type 'typeof ScrollView' is not a valid JSX element type.
    Type 'typeof ScrollView' is not assignable to type 'new (props: any, context: any) => Component<any, any, any>'.
      Type 'ScrollView' is missing the following properties from type 'Component<any, any, any>': context, setState, forceUpdate, render, and 2 more.
src/app/(tabs)/directory.tsx(110,17): error TS2607: JSX element class does not support attributes because it does not have a 'props' property.
src/app/(tabs)/directory.tsx(110,18): error TS2786: 'Text' cannot be used as a JSX component.
  Its type 'typeof Text' is not a valid JSX element type.
    Type 'typeof Text' is not assignable to type 'new (props: any, context: any) => Component<any, any, any>'.
      Type 'Text' is missing the following properties from type 'Component<any, any, any>': context, setState, forceUpdate, render, and 2 more.
src/app/(tabs)/directory.tsx(120,7): error TS2607: JSX element class does not support attributes because it does not have a 'props' property.
src/app/(tabs)/directory.tsx(120,8): error TS2786: 'ScrollView' cannot be used as a JSX component.
  Its type 'typeof ScrollView' is not a valid JSX element type.
    Type 'typeof ScrollView' is not assignable to type 'new (props: any, context: any) => Component<any, any, any>'.
      Type 'ScrollView' is missing the following properties from type 'Component<any, any, any>': context, setState, forceUpdate, render, and 2 more.
src/app/(tabs)/directory.tsx(122,11): error TS2607: JSX element class does not support attributes because it does not have a 'props' property.
src/app/(tabs)/directory.tsx(122,12): error TS2786: 'View' cannot be used as a JSX component.
  Its type 'typeof View' is not a valid JSX element type.
    Type 'typeof View' is not assignable to type 'new (props: any, context: any) => Component<any, any, any>'.
      Type 'View' is missing the following properties from type 'Component<any, any, any>': context, setState, forceUpdate, render, and 2 more.
src/app/(tabs)/directory.tsx(123,13): error TS2607: JSX element class does not support attributes because it does not have a 'props' property.
src/app/(tabs)/directory.tsx(123,14): error TS2786: 'View' cannot be used as a JSX component.
  Its type 'typeof View' is not a valid JSX element type.
    Type 'typeof View' is not assignable to type 'new (props: any, context: any) => Component<any, any, any>'.
      Type 'View' is missing the following properties from type 'Component<any, any, any>': context, setState, forceUpdate, render, and 2 more.
src/app/(tabs)/directory.tsx(126,13): error TS2607: JSX element class does not support attributes because it does not have a 'props' property.
src/app/(tabs)/directory.tsx(126,14): error TS2786: 'Text' cannot be used as a JSX component.
  Its type 'typeof Text' is not a valid JSX element type.
    Type 'typeof Text' is not assignable to type 'new (props: any, context: any) => Component<any, any, any>'.
      Type 'Text' is missing the following properties from type 'Component<any, any, any>': context, setState, forceUpdate, render, and 2 more.
src/app/(tabs)/directory.tsx(127,13): error TS2607: JSX element class does not support attributes because it does not have a 'props' property.
src/app/(tabs)/directory.tsx(127,14): error TS2786: 'Text' cannot be used as a JSX component.
  Its type 'typeof Text' is not a valid JSX element type.
    Type 'typeof Text' is not assignable to type 'new (props: any, context: any) => Component<any, any, any>'.
      Type 'Text' is missing the following properties from type 'Component<any, any, any>': context, setState, forceUpdate, render, and 2 more.
src/app/(tabs)/directory.tsx(140,17): error TS2607: JSX element class does not support attributes because it does not have a 'props' property.
src/app/(tabs)/directory.tsx(140,18): error TS2786: 'View' cannot be used as a JSX component.
  Its type 'typeof View' is not a valid JSX element type.
    Type 'typeof View' is not assignable to type 'new (props: any, context: any) => Component<any, any, any>'.
      Type 'View' is missing the following properties from type 'Component<any, any, any>': context, setState, forceUpdate, render, and 2 more.
src/app/(tabs)/directory.tsx(143,17): error TS2607: JSX element class does not support attributes because it does not have a 'props' property.
src/app/(tabs)/directory.tsx(143,18): error TS2786: 'View' cannot be used as a JSX component.
  Its type 'typeof View' is not a valid JSX element type.
    Type 'typeof View' is not assignable to type 'new (props: any, context: any) => Component<any, any, any>'.
      Type 'View' is missing the following properties from type 'Component<any, any, any>': context, setState, forceUpdate, render, and 2 more.
src/app/(tabs)/directory.tsx(144,19): error TS2607: JSX element class does not support attributes because it does not have a 'props' property.
src/app/(tabs)/directory.tsx(144,20): error TS2786: 'Text' cannot be used as a JSX component.
  Its type 'typeof Text' is not a valid JSX element type.
    Type 'typeof Text' is not assignable to type 'new (props: any, context: any) => Component<any, any, any>'.
      Type 'Text' is missing the following properties from type 'Component<any, any, any>': context, setState, forceUpdate, render, and 2 more.
src/app/(tabs)/directory.tsx(145,19): error TS2607: JSX element class does not support attributes because it does not have a 'props' property.
src/app/(tabs)/directory.tsx(145,20): error TS2786: 'Text' cannot be used as a JSX component.
  Its type 'typeof Text' is not a valid JSX element type.
    Type 'typeof Text' is not assignable to type 'new (props: any, context: any) => Component<any, any, any>'.
      Type 'Text' is missing the following properties from type 'Component<any, any, any>': context, setState, forceUpdate, render, and 2 more.
src/app/(tabs)/directory.tsx(146,19): error TS2607: JSX element class does not support attributes because it does not have a 'props' property.
src/app/(tabs)/directory.tsx(146,20): error TS2786: 'View' cannot be used as a JSX component.
  Its type 'typeof View' is not a valid JSX element type.
    Type 'typeof View' is not assignable to type 'new (props: any, context: any) => Component<any, any, any>'.
      Type 'View' is missing the following properties from type 'Component<any, any, any>': context, setState, forceUpdate, render, and 2 more.
src/app/(tabs)/directory.tsx(148,21): error TS2607: JSX element class does not support attributes because it does not have a 'props' property.
src/app/(tabs)/directory.tsx(148,22): error TS2786: 'Text' cannot be used as a JSX component.
  Its type 'typeof Text' is not a valid JSX element type.
    Type 'typeof Text' is not assignable to type 'new (props: any, context: any) => Component<any, any, any>'.
      Type 'Text' is missing the following properties from type 'Component<any, any, any>': context, setState, forceUpdate, render, and 2 more.
src/app/(tabs)/directory.tsx(153,17): error TS2607: JSX element class does not support attributes because it does not have a 'props' property.
src/app/(tabs)/directory.tsx(153,18): error TS2786: 'View' cannot be used as a JSX component.
  Its type 'typeof View' is not a valid JSX element type.
    Type 'typeof View' is not assignable to type 'new (props: any, context: any) => Component<any, any, any>'.
      Type 'View' is missing the following properties from type 'Component<any, any, any>': context, setState, forceUpdate, render, and 2 more.
src/app/(tabs)/index.tsx(226,5): error TS2607: JSX element class does not support attributes because it does not have a 'props' property.
src/app/(tabs)/index.tsx(226,6): error TS2786: 'View' cannot be used as a JSX component.
  Its type 'typeof View' is not a valid JSX element type.
    Type 'typeof View' is not assignable to type 'new (props: any, context: any) => Component<any, any, any>'.
      Type 'View' is missing the following properties from type 'Component<any, any, any>': context, setState, forceUpdate, render, and 2 more.
src/app/(tabs)/index.tsx(227,7): error TS2607: JSX element class does not support attributes because it does not have a 'props' property.
src/app/(tabs)/index.tsx(227,8): error TS2786: 'View' cannot be used as a JSX component.
  Its type 'typeof View' is not a valid JSX element type.
    Type 'typeof View' is not assignable to type 'new (props: any, context: any) => Component<any, any, any>'.
      Type 'View' is missing the following properties from type 'Component<any, any, any>': context, setState, forceUpdate, render, and 2 more.
src/app/(tabs)/index.tsx(229,10): error TS2786: 'View' cannot be used as a JSX component.
  Its type 'typeof View' is not a valid JSX element type.
    Type 'typeof View' is not assignable to type 'new (props: any, context: any) => Component<any, any, any>'.
      Type 'View' is missing the following properties from type 'Component<any, any, any>': context, setState, forceUpdate, render, and 2 more.
src/app/(tabs)/index.tsx(237,7): error TS2607: JSX element class does not support attributes because it does not have a 'props' property.
src/app/(tabs)/index.tsx(237,8): error TS2786: 'View' cannot be used as a JSX component.
  Its type 'typeof View' is not a valid JSX element type.
    Type 'typeof View' is not assignable to type 'new (props: any, context: any) => Component<any, any, any>'.
      Type 'View' is missing the following properties from type 'Component<any, any, any>': context, setState, forceUpdate, render, and 2 more.
src/app/(tabs)/index.tsx(266,6): error TS2786: 'View' cannot be used as a JSX component.
  Its type 'typeof View' is not a valid JSX element type.
    Type 'typeof View' is not assignable to type 'new (props: any, context: any) => Component<any, any, any>'.
      Type 'View' is missing the following properties from type 'Component<any, any, any>': context, setState, forceUpdate, render, and 2 more.
src/app/(tabs)/index.tsx(268,9): error TS2607: JSX element class does not support attributes because it does not have a 'props' property.
src/app/(tabs)/index.tsx(268,10): error TS2786: 'View' cannot be used as a JSX component.
  Its type 'typeof View' is not a valid JSX element type.
    Type 'typeof View' is not assignable to type 'new (props: any, context: any) => Component<any, any, any>'.
      Type 'View' is missing the following properties from type 'Component<any, any, any>': context, setState, forceUpdate, render, and 2 more.
src/app/(tabs)/index.tsx(269,11): error TS2607: JSX element class does not support attributes because it does not have a 'props' property.
src/app/(tabs)/index.tsx(269,12): error TS2786: 'ActivityIndicator' cannot be used as a JSX component.
  Its type 'typeof ActivityIndicator' is not a valid JSX element type.
    Type 'typeof ActivityIndicator' is not assignable to type 'new (props: any, context: any) => Component<any, any, any>'.
      Type 'ActivityIndicator' is missing the following properties from type 'Component<any, any, any>': context, setState, forceUpdate, render, and 2 more.
src/app/(tabs)/index.tsx(279,7): error TS2607: JSX element class does not support attributes because it does not have a 'props' property.
src/app/(tabs)/index.tsx(279,8): error TS2786: 'View' cannot be used as a JSX component.
  Its type 'typeof View' is not a valid JSX element type.
    Type 'typeof View' is not assignable to type 'new (props: any, context: any) => Component<any, any, any>'.
      Type 'View' is missing the following properties from type 'Component<any, any, any>': context, setState, forceUpdate, render, and 2 more.
src/app/(tabs)/index.tsx(280,9): error TS2607: JSX element class does not support attributes because it does not have a 'props' property.
src/app/(tabs)/index.tsx(280,10): error TS2786: 'View' cannot be used as a JSX component.
  Its type 'typeof View' is not a valid JSX element type.
    Type 'typeof View' is not assignable to type 'new (props: any, context: any) => Component<any, any, any>'.
      Type 'View' is missing the following properties from type 'Component<any, any, any>': context, setState, forceUpdate, render, and 2 more.
src/app/(tabs)/index.tsx(281,11): error TS2607: JSX element class does not support attributes because it does not have a 'props' property.
src/app/(tabs)/index.tsx(281,12): error TS2786: 'View' cannot be used as a JSX component.
  Its type 'typeof View' is not a valid JSX element type.
    Type 'typeof View' is not assignable to type 'new (props: any, context: any) => Component<any, any, any>'.
      Type 'View' is missing the following properties from type 'Component<any, any, any>': context, setState, forceUpdate, render, and 2 more.
src/app/(tabs)/index.tsx(282,13): error TS2607: JSX element class does not support attributes because it does not have a 'props' property.
src/app/(tabs)/index.tsx(282,14): error TS2786: 'Text' cannot be used as a JSX component.
  Its type 'typeof Text' is not a valid JSX element type.
    Type 'typeof Text' is not assignable to type 'new (props: any, context: any) => Component<any, any, any>'.
      Type 'Text' is missing the following properties from type 'Component<any, any, any>': context, setState, forceUpdate, render, and 2 more.
src/app/(tabs)/index.tsx(285,13): error TS2607: JSX element class does not support attributes because it does not have a 'props' property.
src/app/(tabs)/index.tsx(285,14): error TS2786: 'View' cannot be used as a JSX component.
  Its type 'typeof View' is not a valid JSX element type.
    Type 'typeof View' is not assignable to type 'new (props: any, context: any) => Component<any, any, any>'.
      Type 'View' is missing the following properties from type 'Component<any, any, any>': context, setState, forceUpdate, render, and 2 more.
src/app/(tabs)/index.tsx(287,15): error TS2607: JSX element class does not support attributes because it does not have a 'props' property.
src/app/(tabs)/index.tsx(287,16): error TS2786: 'Text' cannot be used as a JSX component.
  Its type 'typeof Text' is not a valid JSX element type.
    Type 'typeof Text' is not assignable to type 'new (props: any, context: any) => Component<any, any, any>'.
      Type 'Text' is missing the following properties from type 'Component<any, any, any>': context, setState, forceUpdate, render, and 2 more.
src/app/(tabs)/index.tsx(290,19): error TS2607: JSX element class does not support attributes because it does not have a 'props' property.
src/app/(tabs)/index.tsx(290,20): error TS2786: 'Text' cannot be used as a JSX component.
  Its type 'typeof Text' is not a valid JSX element type.
    Type 'typeof Text' is not assignable to type 'new (props: any, context: any) => Component<any, any, any>'.
      Type 'Text' is missing the following properties from type 'Component<any, any, any>': context, setState, forceUpdate, render, and 2 more.
src/app/(tabs)/index.tsx(292,19): error TS2607: JSX element class does not support attributes because it does not have a 'props' property.
src/app/(tabs)/index.tsx(292,20): error TS2786: 'Text' cannot be used as a JSX component.
  Its type 'typeof Text' is not a valid JSX element type.
    Type 'typeof Text' is not assignable to type 'new (props: any, context: any) => Component<any, any, any>'.
      Type 'Text' is missing the following properties from type 'Component<any, any, any>': context, setState, forceUpdate, render, and 2 more.
src/app/(tabs)/index.tsx(297,19): error TS2607: JSX element class does not support attributes because it does not have a 'props' property.
src/app/(tabs)/index.tsx(297,20): error TS2786: 'Text' cannot be used as a JSX component.
  Its type 'typeof Text' is not a valid JSX element type.
    Type 'typeof Text' is not assignable to type 'new (props: any, context: any) => Component<any, any, any>'.
      Type 'Text' is missing the following properties from type 'Component<any, any, any>': context, setState, forceUpdate, render, and 2 more.
src/app/(tabs)/index.tsx(299,19): error TS2607: JSX element class does not support attributes because it does not have a 'props' property.
src/app/(tabs)/index.tsx(299,20): error TS2786: 'Text' cannot be used as a JSX component.
  Its type 'typeof Text' is not a valid JSX element type.
    Type 'typeof Text' is not assignable to type 'new (props: any, context: any) => Component<any, any, any>'.
      Type 'Text' is missing the following properties from type 'Component<any, any, any>': context, setState, forceUpdate, render, and 2 more.
src/app/(tabs)/index.tsx(305,11): error TS2607: JSX element class does not support attributes because it does not have a 'props' property.
src/app/(tabs)/index.tsx(305,12): error TS2786: 'View' cannot be used as a JSX component.
  Its type 'typeof View' is not a valid JSX element type.
    Type 'typeof View' is not assignable to type 'new (props: any, context: any) => Component<any, any, any>'.
      Type 'View' is missing the following properties from type 'Component<any, any, any>': context, setState, forceUpdate, render, and 2 more.
src/app/(tabs)/index.tsx(312,15): error TS2607: JSX element class does not support attributes because it does not have a 'props' property.
src/app/(tabs)/index.tsx(312,16): error TS2786: 'View' cannot be used as a JSX component.
  Its type 'typeof View' is not a valid JSX element type.
    Type 'typeof View' is not assignable to type 'new (props: any, context: any) => Component<any, any, any>'.
      Type 'View' is missing the following properties from type 'Component<any, any, any>': context, setState, forceUpdate, render, and 2 more.
src/app/(tabs)/index.tsx(322,17): error TS2607: JSX element class does not support attributes because it does not have a 'props' property.
src/app/(tabs)/index.tsx(322,18): error TS2786: 'View' cannot be used as a JSX component.
  Its type 'typeof View' is not a valid JSX element type.
    Type 'typeof View' is not assignable to type 'new (props: any, context: any) => Component<any, any, any>'.
      Type 'View' is missing the following properties from type 'Component<any, any, any>': context, setState, forceUpdate, render, and 2 more.
src/app/(tabs)/index.tsx(332,7): error TS2607: JSX element class does not support attributes because it does not have a 'props' property.
src/app/(tabs)/index.tsx(332,8): error TS2786: 'View' cannot be used as a JSX component.
  Its type 'typeof View' is not a valid JSX element type.
    Type 'typeof View' is not assignable to type 'new (props: any, context: any) => Component<any, any, any>'.
      Type 'View' is missing the following properties from type 'Component<any, any, any>': context, setState, forceUpdate, render, and 2 more.
src/app/(tabs)/index.tsx(333,9): error TS2607: JSX element class does not support attributes because it does not have a 'props' property.
src/app/(tabs)/index.tsx(333,10): error TS2786: 'ScrollView' cannot be used as a JSX component.
  Its type 'typeof ScrollView' is not a valid JSX element type.
    Type 'typeof ScrollView' is not assignable to type 'new (props: any, context: any) => Component<any, any, any>'.
      Type 'ScrollView' is missing the following properties from type 'Component<any, any, any>': context, setState, forceUpdate, render, and 2 more.
src/app/(tabs)/index.tsx(352,17): error TS2607: JSX element class does not support attributes because it does not have a 'props' property.
src/app/(tabs)/index.tsx(352,18): error TS2786: 'Text' cannot be used as a JSX component.
  Its type 'typeof Text' is not a valid JSX element type.
    Type 'typeof Text' is not assignable to type 'new (props: any, context: any) => Component<any, any, any>'.
      Type 'Text' is missing the following properties from type 'Component<any, any, any>': context, setState, forceUpdate, render, and 2 more.
src/app/(tabs)/index.tsx(371,25): error TS2607: JSX element class does not support attributes because it does not have a 'props' property.
src/app/(tabs)/index.tsx(371,26): error TS2786: 'RefreshControl' cannot be used as a JSX component.
  Its type 'typeof RefreshControl' is not a valid JSX element type.
    Type 'typeof RefreshControl' is not assignable to type 'new (props: any, context: any) => Component<any, any, any>'.
      Type 'RefreshControl' is missing the following properties from type 'Component<any, any, any>': context, setState, forceUpdate, render, and 2 more.
src/app/(tabs)/index.tsx(381,13): error TS2607: JSX element class does not support attributes because it does not have a 'props' property.
src/app/(tabs)/index.tsx(381,14): error TS2786: 'View' cannot be used as a JSX component.
  Its type 'typeof View' is not a valid JSX element type.
    Type 'typeof View' is not assignable to type 'new (props: any, context: any) => Component<any, any, any>'.
      Type 'View' is missing the following properties from type 'Component<any, any, any>': context, setState, forceUpdate, render, and 2 more.
src/app/(tabs)/index.tsx(382,15): error TS2607: JSX element class does not support attributes because it does not have a 'props' property.
src/app/(tabs)/index.tsx(382,16): error TS2786: 'View' cannot be used as a JSX component.
  Its type 'typeof View' is not a valid JSX element type.
    Type 'typeof View' is not assignable to type 'new (props: any, context: any) => Component<any, any, any>'.
      Type 'View' is missing the following properties from type 'Component<any, any, any>': context, setState, forceUpdate, render, and 2 more.
src/app/(tabs)/index.tsx(385,15): error TS2607: JSX element class does not support attributes because it does not have a 'props' property.
src/app/(tabs)/index.tsx(385,16): error TS2786: 'Text' cannot be used as a JSX component.
  Its type 'typeof Text' is not a valid JSX element type.
    Type 'typeof Text' is not assignable to type 'new (props: any, context: any) => Component<any, any, any>'.
      Type 'Text' is missing the following properties from type 'Component<any, any, any>': context, setState, forceUpdate, render, and 2 more.
src/app/(tabs)/index.tsx(386,15): error TS2607: JSX element class does not support attributes because it does not have a 'props' property.
src/app/(tabs)/index.tsx(386,16): error TS2786: 'Text' cannot be used as a JSX component.
  Its type 'typeof Text' is not a valid JSX element type.
    Type 'typeof Text' is not assignable to type 'new (props: any, context: any) => Component<any, any, any>'.
      Type 'Text' is missing the following properties from type 'Component<any, any, any>': context, setState, forceUpdate, render, and 2 more.
src/app/(tabs)/notices.tsx(60,5): error TS2607: JSX element class does not support attributes because it does not have a 'props' property.
src/app/(tabs)/notices.tsx(60,6): error TS2786: 'View' cannot be used as a JSX component.
  Its type 'typeof View' is not a valid JSX element type.
    Type 'typeof View' is not assignable to type 'new (props: any, context: any) => Component<any, any, any>'.
      Type 'View' is missing the following properties from type 'Component<any, any, any>': context, setState, forceUpdate, render, and 2 more.
src/app/(tabs)/notices.tsx(76,7): error TS2607: JSX element class does not support attributes because it does not have a 'props' property.
src/app/(tabs)/notices.tsx(76,8): error TS2786: 'View' cannot be used as a JSX component.
  Its type 'typeof View' is not a valid JSX element type.
    Type 'typeof View' is not assignable to type 'new (props: any, context: any) => Component<any, any, any>'.
      Type 'View' is missing the following properties from type 'Component<any, any, any>': context, setState, forceUpdate, render, and 2 more.
src/app/(tabs)/notices.tsx(78,11): error TS2607: JSX element class does not support attributes because it does not have a 'props' property.
src/app/(tabs)/notices.tsx(78,12): error TS2786: 'View' cannot be used as a JSX component.
  Its type 'typeof View' is not a valid JSX element type.
    Type 'typeof View' is not assignable to type 'new (props: any, context: any) => Component<any, any, any>'.
      Type 'View' is missing the following properties from type 'Component<any, any, any>': context, setState, forceUpdate, render, and 2 more.
src/app/(tabs)/notices.tsx(80,13): error TS2607: JSX element class does not support attributes because it does not have a 'props' property.
src/app/(tabs)/notices.tsx(80,14): error TS2786: 'Text' cannot be used as a JSX component.
  Its type 'typeof Text' is not a valid JSX element type.
    Type 'typeof Text' is not assignable to type 'new (props: any, context: any) => Component<any, any, any>'.
      Type 'Text' is missing the following properties from type 'Component<any, any, any>': context, setState, forceUpdate, render, and 2 more.
src/app/(tabs)/notices.tsx(86,7): error TS2607: JSX element class does not support attributes because it does not have a 'props' property.
src/app/(tabs)/notices.tsx(86,8): error TS2786: 'Text' cannot be used as a JSX component.
  Its type 'typeof Text' is not a valid JSX element type.
    Type 'typeof Text' is not assignable to type 'new (props: any, context: any) => Component<any, any, any>'.
      Type 'Text' is missing the following properties from type 'Component<any, any, any>': context, setState, forceUpdate, render, and 2 more.
src/app/(tabs)/notices.tsx(90,7): error TS2607: JSX element class does not support attributes because it does not have a 'props' property.
src/app/(tabs)/notices.tsx(90,8): error TS2786: 'Text' cannot be used as a JSX component.
  Its type 'typeof Text' is not a valid JSX element type.
    Type 'typeof Text' is not assignable to type 'new (props: any, context: any) => Component<any, any, any>'.
      Type 'Text' is missing the following properties from type 'Component<any, any, any>': context, setState, forceUpdate, render, and 2 more.
src/app/(tabs)/notices.tsx(94,7): error TS2607: JSX element class does not support attributes because it does not have a 'props' property.
src/app/(tabs)/notices.tsx(94,8): error TS2786: 'View' cannot be used as a JSX component.
  Its type 'typeof View' is not a valid JSX element type.
    Type 'typeof View' is not assignable to type 'new (props: any, context: any) => Component<any, any, any>'.
      Type 'View' is missing the following properties from type 'Component<any, any, any>': context, setState, forceUpdate, render, and 2 more.
src/app/(tabs)/notices.tsx(95,9): error TS2607: JSX element class does not support attributes because it does not have a 'props' property.
src/app/(tabs)/notices.tsx(95,10): error TS2786: 'View' cannot be used as a JSX component.
  Its type 'typeof View' is not a valid JSX element type.
    Type 'typeof View' is not assignable to type 'new (props: any, context: any) => Component<any, any, any>'.
      Type 'View' is missing the following properties from type 'Component<any, any, any>': context, setState, forceUpdate, render, and 2 more.
src/app/(tabs)/notices.tsx(97,11): error TS2607: JSX element class does not support attributes because it does not have a 'props' property.
src/app/(tabs)/notices.tsx(97,12): error TS2786: 'Text' cannot be used as a JSX component.
  Its type 'typeof Text' is not a valid JSX element type.
    Type 'typeof Text' is not assignable to type 'new (props: any, context: any) => Component<any, any, any>'.
      Type 'Text' is missing the following properties from type 'Component<any, any, any>': context, setState, forceUpdate, render, and 2 more.
src/app/(tabs)/notices.tsx(108,13): error TS2607: JSX element class does not support attributes because it does not have a 'props' property.
src/app/(tabs)/notices.tsx(108,14): error TS2786: 'Text' cannot be used as a JSX component.
  Its type 'typeof Text' is not a valid JSX element type.
    Type 'typeof Text' is not assignable to type 'new (props: any, context: any) => Component<any, any, any>'.
      Type 'Text' is missing the following properties from type 'Component<any, any, any>': context, setState, forceUpdate, render, and 2 more.
src/app/(tabs)/notices.tsx(117,7): error TS2607: JSX element class does not support attributes because it does not have a 'props' property.
src/app/(tabs)/notices.tsx(117,8): error TS2786: 'View' cannot be used as a JSX component.
  Its type 'typeof View' is not a valid JSX element type.
    Type 'typeof View' is not assignable to type 'new (props: any, context: any) => Component<any, any, any>'.
      Type 'View' is missing the following properties from type 'Component<any, any, any>': context, setState, forceUpdate, render, and 2 more.
src/app/(tabs)/notices.tsx(118,9): error TS2607: JSX element class does not support attributes because it does not have a 'props' property.
src/app/(tabs)/notices.tsx(118,10): error TS2786: 'Text' cannot be used as a JSX component.
  Its type 'typeof Text' is not a valid JSX element type.
    Type 'typeof Text' is not assignable to type 'new (props: any, context: any) => Component<any, any, any>'.
      Type 'Text' is missing the following properties from type 'Component<any, any, any>': context, setState, forceUpdate, render, and 2 more.
src/app/(tabs)/notices.tsx(119,9): error TS2607: JSX element class does not support attributes because it does not have a 'props' property.
src/app/(tabs)/notices.tsx(119,10): error TS2786: 'Text' cannot be used as a JSX component.
  Its type 'typeof Text' is not a valid JSX element type.
    Type 'typeof Text' is not assignable to type 'new (props: any, context: any) => Component<any, any, any>'.
      Type 'Text' is missing the following properties from type 'Component<any, any, any>': context, setState, forceUpdate, render, and 2 more.
src/app/(tabs)/notices.tsx(127,25): error TS2607: JSX element class does not support attributes because it does not have a 'props' property.
src/app/(tabs)/notices.tsx(127,26): error TS2786: 'RefreshControl' cannot be used as a JSX component.
  Its type 'typeof RefreshControl' is not a valid JSX element type.
    Type 'typeof RefreshControl' is not assignable to type 'new (props: any, context: any) => Component<any, any, any>'.
      Type 'RefreshControl' is missing the following properties from type 'Component<any, any, any>': context, setState, forceUpdate, render, and 2 more.
src/app/(tabs)/notices.tsx(134,13): error TS2607: JSX element class does not support attributes because it does not have a 'props' property.
src/app/(tabs)/notices.tsx(134,14): error TS2786: 'View' cannot be used as a JSX component.
  Its type 'typeof View' is not a valid JSX element type.
    Type 'typeof View' is not assignable to type 'new (props: any, context: any) => Component<any, any, any>'.
      Type 'View' is missing the following properties from type 'Component<any, any, any>': context, setState, forceUpdate, render, and 2 more.
src/app/(tabs)/notices.tsx(135,15): error TS2607: JSX element class does not support attributes because it does not have a 'props' property.
src/app/(tabs)/notices.tsx(135,16): error TS2786: 'View' cannot be used as a JSX component.
  Its type 'typeof View' is not a valid JSX element type.
    Type 'typeof View' is not assignable to type 'new (props: any, context: any) => Component<any, any, any>'.
      Type 'View' is missing the following properties from type 'Component<any, any, any>': context, setState, forceUpdate, render, and 2 more.
src/app/(tabs)/notices.tsx(138,15): error TS2607: JSX element class does not support attributes because it does not have a 'props' property.
src/app/(tabs)/notices.tsx(138,16): error TS2786: 'Text' cannot be used as a JSX component.
  Its type 'typeof Text' is not a valid JSX element type.
    Type 'typeof Text' is not assignable to type 'new (props: any, context: any) => Component<any, any, any>'.
      Type 'Text' is missing the following properties from type 'Component<any, any, any>': context, setState, forceUpdate, render, and 2 more.
src/app/(tabs)/notices.tsx(139,15): error TS2607: JSX element class does not support attributes because it does not have a 'props' property.
src/app/(tabs)/notices.tsx(139,16): error TS2786: 'Text' cannot be used as a JSX component.
  Its type 'typeof Text' is not a valid JSX element type.
    Type 'typeof Text' is not assignable to type 'new (props: any, context: any) => Component<any, any, any>'.
      Type 'Text' is missing the following properties from type 'Component<any, any, any>': context, setState, forceUpdate, render, and 2 more.
src/app/(tabs)/profile.tsx(140,9): error TS2607: JSX element class does not support attributes because it does not have a 'props' property.
src/app/(tabs)/profile.tsx(140,10): error TS2786: 'View' cannot be used as a JSX component.
  Its type 'typeof View' is not a valid JSX element type.
    Type 'typeof View' is not assignable to type 'new (props: any, context: any) => Component<any, any, any>'.
      Type 'View' is missing the following properties from type 'Component<any, any, any>': context, setState, forceUpdate, render, and 2 more.
src/app/(tabs)/profile.tsx(143,9): error TS2607: JSX element class does not support attributes because it does not have a 'props' property.
src/app/(tabs)/profile.tsx(143,10): error TS2786: 'Text' cannot be used as a JSX component.
  Its type 'typeof Text' is not a valid JSX element type.
    Type 'typeof Text' is not assignable to type 'new (props: any, context: any) => Component<any, any, any>'.
      Type 'Text' is missing the following properties from type 'Component<any, any, any>': context, setState, forceUpdate, render, and 2 more.
src/app/(tabs)/profile.tsx(144,9): error TS2607: JSX element class does not support attributes because it does not have a 'props' property.
src/app/(tabs)/profile.tsx(144,10): error TS2786: 'Text' cannot be used as a JSX component.
  Its type 'typeof Text' is not a valid JSX element type.
    Type 'typeof Text' is not assignable to type 'new (props: any, context: any) => Component<any, any, any>'.
      Type 'Text' is missing the following properties from type 'Component<any, any, any>': context, setState, forceUpdate, render, and 2 more.
src/app/(tabs)/profile.tsx(147,11): error TS2607: JSX element class does not support attributes because it does not have a 'props' property.
src/app/(tabs)/profile.tsx(147,12): error TS2786: 'Text' cannot be used as a JSX component.
  Its type 'typeof Text' is not a valid JSX element type.
    Type 'typeof Text' is not assignable to type 'new (props: any, context: any) => Component<any, any, any>'.
      Type 'Text' is missing the following properties from type 'Component<any, any, any>': context, setState, forceUpdate, render, and 2 more.
src/app/(tabs)/profile.tsx(167,7): error TS2607: JSX element class does not support attributes because it does not have a 'props' property.
src/app/(tabs)/profile.tsx(167,8): error TS2786: 'View' cannot be used as a JSX component.
  Its type 'typeof View' is not a valid JSX element type.
    Type 'typeof View' is not assignable to type 'new (props: any, context: any) => Component<any, any, any>'.
      Type 'View' is missing the following properties from type 'Component<any, any, any>': context, setState, forceUpdate, render, and 2 more.
src/app/(tabs)/profile.tsx(168,9): error TS2607: JSX element class does not support attributes because it does not have a 'props' property.
src/app/(tabs)/profile.tsx(168,10): error TS2786: 'Text' cannot be used as a JSX component.
  Its type 'typeof Text' is not a valid JSX element type.
    Type 'typeof Text' is not assignable to type 'new (props: any, context: any) => Component<any, any, any>'.
      Type 'Text' is missing the following properties from type 'Component<any, any, any>': context, setState, forceUpdate, render, and 2 more.
src/app/(tabs)/profile.tsx(171,7): error TS2607: JSX element class does not support attributes because it does not have a 'props' property.
src/app/(tabs)/profile.tsx(171,8): error TS2786: 'Text' cannot be used as a JSX component.
  Its type 'typeof Text' is not a valid JSX element type.
    Type 'typeof Text' is not assignable to type 'new (props: any, context: any) => Component<any, any, any>'.
      Type 'Text' is missing the following properties from type 'Component<any, any, any>': context, setState, forceUpdate, render, and 2 more.
src/app/(tabs)/profile.tsx(174,9): error TS2607: JSX element class does not support attributes because it does not have a 'props' property.
src/app/(tabs)/profile.tsx(174,10): error TS2786: 'View' cannot be used as a JSX component.
  Its type 'typeof View' is not a valid JSX element type.
    Type 'typeof View' is not assignable to type 'new (props: any, context: any) => Component<any, any, any>'.
      Type 'View' is missing the following properties from type 'Component<any, any, any>': context, setState, forceUpdate, render, and 2 more.
src/app/(tabs)/profile.tsx(177,15): error TS2607: JSX element class does not support attributes because it does not have a 'props' property.
src/app/(tabs)/profile.tsx(177,16): error TS2786: 'Text' cannot be used as a JSX component.
  Its type 'typeof Text' is not a valid JSX element type.
    Type 'typeof Text' is not assignable to type 'new (props: any, context: any) => Component<any, any, any>'.
      Type 'Text' is missing the following properties from type 'Component<any, any, any>': context, setState, forceUpdate, render, and 2 more.
src/app/(tabs)/profile.tsx(182,15): error TS2607: JSX element class does not support attributes because it does not have a 'props' property.
src/app/(tabs)/profile.tsx(182,16): error TS2786: 'Text' cannot be used as a JSX component.
  Its type 'typeof Text' is not a valid JSX element type.
    Type 'typeof Text' is not assignable to type 'new (props: any, context: any) => Component<any, any, any>'.
      Type 'Text' is missing the following properties from type 'Component<any, any, any>': context, setState, forceUpdate, render, and 2 more.
src/app/(tabs)/profile.tsx(186,13): error TS2607: JSX element class does not support attributes because it does not have a 'props' property.
src/app/(tabs)/profile.tsx(186,14): error TS2786: 'Text' cannot be used as a JSX component.
  Its type 'typeof Text' is not a valid JSX element type.
    Type 'typeof Text' is not assignable to type 'new (props: any, context: any) => Component<any, any, any>'.
      Type 'Text' is missing the following properties from type 'Component<any, any, any>': context, setState, forceUpdate, render, and 2 more.
src/app/(tabs)/profile.tsx(194,5): error TS2607: JSX element class does not support attributes because it does not have a 'props' property.
src/app/(tabs)/profile.tsx(194,6): error TS2786: 'View' cannot be used as a JSX component.
  Its type 'typeof View' is not a valid JSX element type.
    Type 'typeof View' is not assignable to type 'new (props: any, context: any) => Component<any, any, any>'.
      Type 'View' is missing the following properties from type 'Component<any, any, any>': context, setState, forceUpdate, render, and 2 more.
src/app/(tabs)/profile.tsx(197,9): error TS2607: JSX element class does not support attributes because it does not have a 'props' property.
src/app/(tabs)/profile.tsx(197,10): error TS2786: 'View' cannot be used as a JSX component.
  Its type 'typeof View' is not a valid JSX element type.
    Type 'typeof View' is not assignable to type 'new (props: any, context: any) => Component<any, any, any>'.
      Type 'View' is missing the following properties from type 'Component<any, any, any>': context, setState, forceUpdate, render, and 2 more.
src/app/(tabs)/profile.tsx(201,11): error TS2607: JSX element class does not support attributes because it does not have a 'props' property.
src/app/(tabs)/profile.tsx(201,12): error TS2786: 'Text' cannot be used as a JSX component.
  Its type 'typeof Text' is not a valid JSX element type.
    Type 'typeof Text' is not assignable to type 'new (props: any, context: any) => Component<any, any, any>'.
      Type 'Text' is missing the following properties from type 'Component<any, any, any>': context, setState, forceUpdate, render, and 2 more.
src/app/(tabs)/profile.tsx(208,9): error TS2607: JSX element class does not support attributes because it does not have a 'props' property.
src/app/(tabs)/profile.tsx(208,10): error TS2786: 'View' cannot be used as a JSX component.
  Its type 'typeof View' is not a valid JSX element type.
    Type 'typeof View' is not assignable to type 'new (props: any, context: any) => Component<any, any, any>'.
      Type 'View' is missing the following properties from type 'Component<any, any, any>': context, setState, forceUpdate, render, and 2 more.
src/app/(tabs)/profile.tsx(218,15): error TS2607: JSX element class does not support attributes because it does not have a 'props' property.
src/app/(tabs)/profile.tsx(218,16): error TS2786: 'View' cannot be used as a JSX component.
  Its type 'typeof View' is not a valid JSX element type.
    Type 'typeof View' is not assignable to type 'new (props: any, context: any) => Component<any, any, any>'.
      Type 'View' is missing the following properties from type 'Component<any, any, any>': context, setState, forceUpdate, render, and 2 more.
src/app/(tabs)/profile.tsx(219,17): error TS2607: JSX element class does not support attributes because it does not have a 'props' property.
src/app/(tabs)/profile.tsx(219,18): error TS2786: 'Text' cannot be used as a JSX component.
  Its type 'typeof Text' is not a valid JSX element type.
    Type 'typeof Text' is not assignable to type 'new (props: any, context: any) => Component<any, any, any>'.
      Type 'Text' is missing the following properties from type 'Component<any, any, any>': context, setState, forceUpdate, render, and 2 more.
src/app/(tabs)/profile.tsx(224,13): error TS2607: JSX element class does not support attributes because it does not have a 'props' property.
src/app/(tabs)/profile.tsx(224,14): error TS2786: 'View' cannot be used as a JSX component.
  Its type 'typeof View' is not a valid JSX element type.
    Type 'typeof View' is not assignable to type 'new (props: any, context: any) => Component<any, any, any>'.
      Type 'View' is missing the following properties from type 'Component<any, any, any>': context, setState, forceUpdate, render, and 2 more.
src/app/(tabs)/profile.tsx(229,11): error TS2607: JSX element class does not support attributes because it does not have a 'props' property.
src/app/(tabs)/profile.tsx(229,12): error TS2786: 'Text' cannot be used as a JSX component.
  Its type 'typeof Text' is not a valid JSX element type.
    Type 'typeof Text' is not assignable to type 'new (props: any, context: any) => Component<any, any, any>'.
      Type 'Text' is missing the following properties from type 'Component<any, any, any>': context, setState, forceUpdate, render, and 2 more.
src/app/(tabs)/profile.tsx(233,11): error TS2607: JSX element class does not support attributes because it does not have a 'props' property.
src/app/(tabs)/profile.tsx(233,12): error TS2786: 'View' cannot be used as a JSX component.
  Its type 'typeof View' is not a valid JSX element type.
    Type 'typeof View' is not assignable to type 'new (props: any, context: any) => Component<any, any, any>'.
      Type 'View' is missing the following properties from type 'Component<any, any, any>': context, setState, forceUpdate, render, and 2 more.
src/app/(tabs)/profile.tsx(234,13): error TS2607: JSX element class does not support attributes because it does not have a 'props' property.
src/app/(tabs)/profile.tsx(234,14): error TS2786: 'View' cannot be used as a JSX component.
  Its type 'typeof View' is not a valid JSX element type.
    Type 'typeof View' is not assignable to type 'new (props: any, context: any) => Component<any, any, any>'.
      Type 'View' is missing the following properties from type 'Component<any, any, any>': context, setState, forceUpdate, render, and 2 more.
src/app/(tabs)/profile.tsx(235,15): error TS2607: JSX element class does not support attributes because it does not have a 'props' property.
src/app/(tabs)/profile.tsx(235,16): error TS2786: 'Text' cannot be used as a JSX component.
  Its type 'typeof Text' is not a valid JSX element type.
    Type 'typeof Text' is not assignable to type 'new (props: any, context: any) => Component<any, any, any>'.
      Type 'Text' is missing the following properties from type 'Component<any, any, any>': context, setState, forceUpdate, render, and 2 more.
src/app/(tabs)/profile.tsx(236,15): error TS2607: JSX element class does not support attributes because it does not have a 'props' property.
src/app/(tabs)/profile.tsx(236,16): error TS2786: 'Text' cannot be used as a JSX component.
  Its type 'typeof Text' is not a valid JSX element type.
    Type 'typeof Text' is not assignable to type 'new (props: any, context: any) => Component<any, any, any>'.
      Type 'Text' is missing the following properties from type 'Component<any, any, any>': context, setState, forceUpdate, render, and 2 more.
src/app/(tabs)/profile.tsx(238,13): error TS2607: JSX element class does not support attributes because it does not have a 'props' property.
src/app/(tabs)/profile.tsx(238,14): error TS2786: 'View' cannot be used as a JSX component.
  Its type 'typeof View' is not a valid JSX element type.
    Type 'typeof View' is not assignable to type 'new (props: any, context: any) => Component<any, any, any>'.
      Type 'View' is missing the following properties from type 'Component<any, any, any>': context, setState, forceUpdate, render, and 2 more.
src/app/(tabs)/profile.tsx(239,13): error TS2607: JSX element class does not support attributes because it does not have a 'props' property.
src/app/(tabs)/profile.tsx(239,14): error TS2786: 'View' cannot be used as a JSX component.
  Its type 'typeof View' is not a valid JSX element type.
    Type 'typeof View' is not assignable to type 'new (props: any, context: any) => Component<any, any, any>'.
      Type 'View' is missing the following properties from type 'Component<any, any, any>': context, setState, forceUpdate, render, and 2 more.
src/app/(tabs)/profile.tsx(240,15): error TS2607: JSX element class does not support attributes because it does not have a 'props' property.
src/app/(tabs)/profile.tsx(240,16): error TS2786: 'Text' cannot be used as a JSX component.
  Its type 'typeof Text' is not a valid JSX element type.
    Type 'typeof Text' is not assignable to type 'new (props: any, context: any) => Component<any, any, any>'.
      Type 'Text' is missing the following properties from type 'Component<any, any, any>': context, setState, forceUpdate, render, and 2 more.
src/app/(tabs)/profile.tsx(241,15): error TS2607: JSX element class does not support attributes because it does not have a 'props' property.
src/app/(tabs)/profile.tsx(241,16): error TS2786: 'Text' cannot be used as a JSX component.
  Its type 'typeof Text' is not a valid JSX element type.
    Type 'typeof Text' is not assignable to type 'new (props: any, context: any) => Component<any, any, any>'.
      Type 'Text' is missing the following properties from type 'Component<any, any, any>': context, setState, forceUpdate, render, and 2 more.
src/app/(tabs)/profile.tsx(243,13): error TS2607: JSX element class does not support attributes because it does not have a 'props' property.
src/app/(tabs)/profile.tsx(243,14): error TS2786: 'View' cannot be used as a JSX component.
  Its type 'typeof View' is not a valid JSX element type.
    Type 'typeof View' is not assignable to type 'new (props: any, context: any) => Component<any, any, any>'.
      Type 'View' is missing the following properties from type 'Component<any, any, any>': context, setState, forceUpdate, render, and 2 more.
src/app/(tabs)/profile.tsx(244,13): error TS2607: JSX element class does not support attributes because it does not have a 'props' property.
src/app/(tabs)/profile.tsx(244,14): error TS2786: 'View' cannot be used as a JSX component.
  Its type 'typeof View' is not a valid JSX element type.
    Type 'typeof View' is not assignable to type 'new (props: any, context: any) => Component<any, any, any>'.
      Type 'View' is missing the following properties from type 'Component<any, any, any>': context, setState, forceUpdate, render, and 2 more.
src/app/(tabs)/profile.tsx(245,15): error TS2607: JSX element class does not support attributes because it does not have a 'props' property.
src/app/(tabs)/profile.tsx(245,16): error TS2786: 'Text' cannot be used as a JSX component.
  Its type 'typeof Text' is not a valid JSX element type.
    Type 'typeof Text' is not assignable to type 'new (props: any, context: any) => Component<any, any, any>'.
      Type 'Text' is missing the following properties from type 'Component<any, any, any>': context, setState, forceUpdate, render, and 2 more.
src/app/(tabs)/profile.tsx(246,15): error TS2607: JSX element class does not support attributes because it does not have a 'props' property.
src/app/(tabs)/profile.tsx(246,16): error TS2786: 'Text' cannot be used as a JSX component.
  Its type 'typeof Text' is not a valid JSX element type.
    Type 'typeof Text' is not assignable to type 'new (props: any, context: any) => Component<any, any, any>'.
      Type 'Text' is missing the following properties from type 'Component<any, any, any>': context, setState, forceUpdate, render, and 2 more.
src/app/(tabs)/profile.tsx(253,11): error TS2607: JSX element class does not support attributes because it does not have a 'props' property.
src/app/(tabs)/profile.tsx(253,12): error TS2786: 'View' cannot be used as a JSX component.
  Its type 'typeof View' is not a valid JSX element type.
    Type 'typeof View' is not assignable to type 'new (props: any, context: any) => Component<any, any, any>'.
      Type 'View' is missing the following properties from type 'Component<any, any, any>': context, setState, forceUpdate, render, and 2 more.
src/app/(tabs)/profile.tsx(254,13): error TS2607: JSX element class does not support attributes because it does not have a 'props' property.
src/app/(tabs)/profile.tsx(254,14): error TS2786: 'View' cannot be used as a JSX component.
  Its type 'typeof View' is not a valid JSX element type.
    Type 'typeof View' is not assignable to type 'new (props: any, context: any) => Component<any, any, any>'.
      Type 'View' is missing the following properties from type 'Component<any, any, any>': context, setState, forceUpdate, render, and 2 more.
src/app/(tabs)/profile.tsx(255,15): error TS2607: JSX element class does not support attributes because it does not have a 'props' property.
src/app/(tabs)/profile.tsx(255,16): error TS2786: 'View' cannot be used as a JSX component.
  Its type 'typeof View' is not a valid JSX element type.
    Type 'typeof View' is not assignable to type 'new (props: any, context: any) => Component<any, any, any>'.
      Type 'View' is missing the following properties from type 'Component<any, any, any>': context, setState, forceUpdate, render, and 2 more.
src/app/(tabs)/profile.tsx(256,17): error TS2607: JSX element class does not support attributes because it does not have a 'props' property.
src/app/(tabs)/profile.tsx(256,18): error TS2786: 'View' cannot be used as a JSX component.
  Its type 'typeof View' is not a valid JSX element type.
    Type 'typeof View' is not assignable to type 'new (props: any, context: any) => Component<any, any, any>'.
      Type 'View' is missing the following properties from type 'Component<any, any, any>': context, setState, forceUpdate, render, and 2 more.
src/app/(tabs)/profile.tsx(259,17): error TS2607: JSX element class does not support attributes because it does not have a 'props' property.
src/app/(tabs)/profile.tsx(259,18): error TS2786: 'Text' cannot be used as a JSX component.
  Its type 'typeof Text' is not a valid JSX element type.
    Type 'typeof Text' is not assignable to type 'new (props: any, context: any) => Component<any, any, any>'.
      Type 'Text' is missing the following properties from type 'Component<any, any, any>': context, setState, forceUpdate, render, and 2 more.
src/app/(tabs)/profile.tsx(260,17): error TS2607: JSX element class does not support attributes because it does not have a 'props' property.
src/app/(tabs)/profile.tsx(260,18): error TS2786: 'Text' cannot be used as a JSX component.
  Its type 'typeof Text' is not a valid JSX element type.
    Type 'typeof Text' is not assignable to type 'new (props: any, context: any) => Component<any, any, any>'.
      Type 'Text' is missing the following properties from type 'Component<any, any, any>': context, setState, forceUpdate, render, and 2 more.
src/app/(tabs)/profile.tsx(262,15): error TS2607: JSX element class does not support attributes because it does not have a 'props' property.
src/app/(tabs)/profile.tsx(262,16): error TS2786: 'View' cannot be used as a JSX component.
  Its type 'typeof View' is not a valid JSX element type.
    Type 'typeof View' is not assignable to type 'new (props: any, context: any) => Component<any, any, any>'.
      Type 'View' is missing the following properties from type 'Component<any, any, any>': context, setState, forceUpdate, render, and 2 more.
src/app/(tabs)/profile.tsx(263,17): error TS2607: JSX element class does not support attributes because it does not have a 'props' property.
src/app/(tabs)/profile.tsx(263,18): error TS2786: 'View' cannot be used as a JSX component.
  Its type 'typeof View' is not a valid JSX element type.
    Type 'typeof View' is not assignable to type 'new (props: any, context: any) => Component<any, any, any>'.
      Type 'View' is missing the following properties from type 'Component<any, any, any>': context, setState, forceUpdate, render, and 2 more.
src/app/(tabs)/profile.tsx(266,17): error TS2607: JSX element class does not support attributes because it does not have a 'props' property.
src/app/(tabs)/profile.tsx(266,18): error TS2786: 'Text' cannot be used as a JSX component.
  Its type 'typeof Text' is not a valid JSX element type.
    Type 'typeof Text' is not assignable to type 'new (props: any, context: any) => Component<any, any, any>'.
      Type 'Text' is missing the following properties from type 'Component<any, any, any>': context, setState, forceUpdate, render, and 2 more.
src/app/(tabs)/profile.tsx(267,17): error TS2607: JSX element class does not support attributes because it does not have a 'props' property.
src/app/(tabs)/profile.tsx(267,18): error TS2786: 'Text' cannot be used as a JSX component.
  Its type 'typeof Text' is not a valid JSX element type.
    Type 'typeof Text' is not assignable to type 'new (props: any, context: any) => Component<any, any, any>'.
      Type 'Text' is missing the following properties from type 'Component<any, any, any>': context, setState, forceUpdate, render, and 2 more.
src/app/(tabs)/profile.tsx(272,15): error TS2607: JSX element class does not support attributes because it does not have a 'props' property.
src/app/(tabs)/profile.tsx(272,16): error TS2786: 'Text' cannot be used as a JSX component.
  Its type 'typeof Text' is not a valid JSX element type.
    Type 'typeof Text' is not assignable to type 'new (props: any, context: any) => Component<any, any, any>'.
      Type 'Text' is missing the following properties from type 'Component<any, any, any>': context, setState, forceUpdate, render, and 2 more.
src/app/(tabs)/profile.tsx(276,11): error TS2607: JSX element class does not support attributes because it does not have a 'props' property.
src/app/(tabs)/profile.tsx(276,12): error TS2786: 'View' cannot be used as a JSX component.
  Its type 'typeof View' is not a valid JSX element type.
    Type 'typeof View' is not assignable to type 'new (props: any, context: any) => Component<any, any, any>'.
      Type 'View' is missing the following properties from type 'Component<any, any, any>': context, setState, forceUpdate, render, and 2 more.
src/app/(tabs)/profile.tsx(278,13): error TS2607: JSX element class does not support attributes because it does not have a 'props' property.
src/app/(tabs)/profile.tsx(278,14): error TS2786: 'View' cannot be used as a JSX component.
  Its type 'typeof View' is not a valid JSX element type.
    Type 'typeof View' is not assignable to type 'new (props: any, context: any) => Component<any, any, any>'.
      Type 'View' is missing the following properties from type 'Component<any, any, any>': context, setState, forceUpdate, render, and 2 more.
src/app/(tabs)/profile.tsx(279,15): error TS2607: JSX element class does not support attributes because it does not have a 'props' property.
src/app/(tabs)/profile.tsx(279,16): error TS2786: 'View' cannot be used as a JSX component.
  Its type 'typeof View' is not a valid JSX element type.
    Type 'typeof View' is not assignable to type 'new (props: any, context: any) => Component<any, any, any>'.
      Type 'View' is missing the following properties from type 'Component<any, any, any>': context, setState, forceUpdate, render, and 2 more.
src/app/(tabs)/profile.tsx(280,18): error TS2786: 'View' cannot be used as a JSX component.
  Its type 'typeof View' is not a valid JSX element type.
    Type 'typeof View' is not assignable to type 'new (props: any, context: any) => Component<any, any, any>'.
      Type 'View' is missing the following properties from type 'Component<any, any, any>': context, setState, forceUpdate, render, and 2 more.
src/app/(tabs)/profile.tsx(281,19): error TS2607: JSX element class does not support attributes because it does not have a 'props' property.
src/app/(tabs)/profile.tsx(281,20): error TS2786: 'Text' cannot be used as a JSX component.
  Its type 'typeof Text' is not a valid JSX element type.
    Type 'typeof Text' is not assignable to type 'new (props: any, context: any) => Component<any, any, any>'.
      Type 'Text' is missing the following properties from type 'Component<any, any, any>': context, setState, forceUpdate, render, and 2 more.
src/app/(tabs)/profile.tsx(282,19): error TS2607: JSX element class does not support attributes because it does not have a 'props' property.
src/app/(tabs)/profile.tsx(282,20): error TS2786: 'Text' cannot be used as a JSX component.
  Its type 'typeof Text' is not a valid JSX element type.
    Type 'typeof Text' is not assignable to type 'new (props: any, context: any) => Component<any, any, any>'.
      Type 'Text' is missing the following properties from type 'Component<any, any, any>': context, setState, forceUpdate, render, and 2 more.
src/app/(tabs)/profile.tsx(284,17): error TS2607: JSX element class does not support attributes because it does not have a 'props' property.
src/app/(tabs)/profile.tsx(284,18): error TS2786: 'View' cannot be used as a JSX component.
  Its type 'typeof View' is not a valid JSX element type.
    Type 'typeof View' is not assignable to type 'new (props: any, context: any) => Component<any, any, any>'.
      Type 'View' is missing the following properties from type 'Component<any, any, any>': context, setState, forceUpdate, render, and 2 more.
src/app/(tabs)/profile.tsx(285,19): error TS2607: JSX element class does not support attributes because it does not have a 'props' property.
src/app/(tabs)/profile.tsx(285,20): error TS2786: 'Text' cannot be used as a JSX component.
  Its type 'typeof Text' is not a valid JSX element type.
    Type 'typeof Text' is not assignable to type 'new (props: any, context: any) => Component<any, any, any>'.
      Type 'Text' is missing the following properties from type 'Component<any, any, any>': context, setState, forceUpdate, render, and 2 more.
src/app/(tabs)/profile.tsx(286,19): error TS2607: JSX element class does not support attributes because it does not have a 'props' property.
src/app/(tabs)/profile.tsx(286,20): error TS2786: 'Text' cannot be used as a JSX component.
  Its type 'typeof Text' is not a valid JSX element type.
    Type 'typeof Text' is not assignable to type 'new (props: any, context: any) => Component<any, any, any>'.
      Type 'Text' is missing the following properties from type 'Component<any, any, any>': context, setState, forceUpdate, render, and 2 more.
src/app/(tabs)/profile.tsx(289,15): error TS2607: JSX element class does not support attributes because it does not have a 'props' property.
src/app/(tabs)/profile.tsx(289,16): error TS2786: 'View' cannot be used as a JSX component.
  Its type 'typeof View' is not a valid JSX element type.
    Type 'typeof View' is not assignable to type 'new (props: any, context: any) => Component<any, any, any>'.
      Type 'View' is missing the following properties from type 'Component<any, any, any>': context, setState, forceUpdate, render, and 2 more.
src/app/(tabs)/profile.tsx(290,17): error TS2607: JSX element class does not support attributes because it does not have a 'props' property.
src/app/(tabs)/profile.tsx(290,18): error TS2786: 'View' cannot be used as a JSX component.
  Its type 'typeof View' is not a valid JSX element type.
    Type 'typeof View' is not assignable to type 'new (props: any, context: any) => Component<any, any, any>'.
      Type 'View' is missing the following properties from type 'Component<any, any, any>': context, setState, forceUpdate, render, and 2 more.
src/app/(tabs)/profile.tsx(292,15): error TS2607: JSX element class does not support attributes because it does not have a 'props' property.
src/app/(tabs)/profile.tsx(292,16): error TS2786: 'Text' cannot be used as a JSX component.
  Its type 'typeof Text' is not a valid JSX element type.
    Type 'typeof Text' is not assignable to type 'new (props: any, context: any) => Component<any, any, any>'.
      Type 'Text' is missing the following properties from type 'Component<any, any, any>': context, setState, forceUpdate, render, and 2 more.
src/app/(tabs)/profile.tsx(297,13): error TS2607: JSX element class does not support attributes because it does not have a 'props' property.
src/app/(tabs)/profile.tsx(297,14): error TS2786: 'View' cannot be used as a JSX component.
  Its type 'typeof View' is not a valid JSX element type.
    Type 'typeof View' is not assignable to type 'new (props: any, context: any) => Component<any, any, any>'.
      Type 'View' is missing the following properties from type 'Component<any, any, any>': context, setState, forceUpdate, render, and 2 more.
src/app/(tabs)/profile.tsx(298,15): error TS2607: JSX element class does not support attributes because it does not have a 'props' property.
src/app/(tabs)/profile.tsx(298,16): error TS2786: 'View' cannot be used as a JSX component.
  Its type 'typeof View' is not a valid JSX element type.
    Type 'typeof View' is not assignable to type 'new (props: any, context: any) => Component<any, any, any>'.
      Type 'View' is missing the following properties from type 'Component<any, any, any>': context, setState, forceUpdate, render, and 2 more.
src/app/(tabs)/profile.tsx(300,17): error TS2607: JSX element class does not support attributes because it does not have a 'props' property.
src/app/(tabs)/profile.tsx(300,18): error TS2786: 'Text' cannot be used as a JSX component.
  Its type 'typeof Text' is not a valid JSX element type.
    Type 'typeof Text' is not assignable to type 'new (props: any, context: any) => Component<any, any, any>'.
      Type 'Text' is missing the following properties from type 'Component<any, any, any>': context, setState, forceUpdate, render, and 2 more.
src/app/(tabs)/profile.tsx(301,17): error TS2607: JSX element class does not support attributes because it does not have a 'props' property.
src/app/(tabs)/profile.tsx(301,18): error TS2786: 'Text' cannot be used as a JSX component.
  Its type 'typeof Text' is not a valid JSX element type.
    Type 'typeof Text' is not assignable to type 'new (props: any, context: any) => Component<any, any, any>'.
      Type 'Text' is missing the following properties from type 'Component<any, any, any>': context, setState, forceUpdate, render, and 2 more.
src/app/(tabs)/profile.tsx(303,15): error TS2607: JSX element class does not support attributes because it does not have a 'props' property.
src/app/(tabs)/profile.tsx(303,16): error TS2786: 'View' cannot be used as a JSX component.
  Its type 'typeof View' is not a valid JSX element type.
    Type 'typeof View' is not assignable to type 'new (props: any, context: any) => Component<any, any, any>'.
      Type 'View' is missing the following properties from type 'Component<any, any, any>': context, setState, forceUpdate, render, and 2 more.
src/app/(tabs)/profile.tsx(305,17): error TS2607: JSX element class does not support attributes because it does not have a 'props' property.
src/app/(tabs)/profile.tsx(305,18): error TS2786: 'Text' cannot be used as a JSX component.
  Its type 'typeof Text' is not a valid JSX element type.
    Type 'typeof Text' is not assignable to type 'new (props: any, context: any) => Component<any, any, any>'.
      Type 'Text' is missing the following properties from type 'Component<any, any, any>': context, setState, forceUpdate, render, and 2 more.
src/app/(tabs)/profile.tsx(306,17): error TS2607: JSX element class does not support attributes because it does not have a 'props' property.
src/app/(tabs)/profile.tsx(306,18): error TS2786: 'Text' cannot be used as a JSX component.
  Its type 'typeof Text' is not a valid JSX element type.
    Type 'typeof Text' is not assignable to type 'new (props: any, context: any) => Component<any, any, any>'.
      Type 'Text' is missing the following properties from type 'Component<any, any, any>': context, setState, forceUpdate, render, and 2 more.
src/app/(tabs)/profile.tsx(312,9): error TS2607: JSX element class does not support attributes because it does not have a 'props' property.
src/app/(tabs)/profile.tsx(312,10): error TS2786: 'View' cannot be used as a JSX component.
  Its type 'typeof View' is not a valid JSX element type.
    Type 'typeof View' is not assignable to type 'new (props: any, context: any) => Component<any, any, any>'.
      Type 'View' is missing the following properties from type 'Component<any, any, any>': context, setState, forceUpdate, render, and 2 more.
src/app/(tabs)/profile.tsx(313,11): error TS2607: JSX element class does not support attributes because it does not have a 'props' property.
src/app/(tabs)/profile.tsx(313,12): error TS2786: 'Text' cannot be used as a JSX component.
  Its type 'typeof Text' is not a valid JSX element type.
    Type 'typeof Text' is not assignable to type 'new (props: any, context: any) => Component<any, any, any>'.
      Type 'Text' is missing the following properties from type 'Component<any, any, any>': context, setState, forceUpdate, render, and 2 more.
src/app/(tabs)/profile.tsx(322,5): error TS2607: JSX element class does not support attributes because it does not have a 'props' property.
src/app/(tabs)/profile.tsx(322,6): error TS2786: 'View' cannot be used as a JSX component.
  Its type 'typeof View' is not a valid JSX element type.
    Type 'typeof View' is not assignable to type 'new (props: any, context: any) => Component<any, any, any>'.
      Type 'View' is missing the following properties from type 'Component<any, any, any>': context, setState, forceUpdate, render, and 2 more.
src/app/(tabs)/profile.tsx(327,25): error TS2607: JSX element class does not support attributes because it does not have a 'props' property.
src/app/(tabs)/profile.tsx(327,26): error TS2786: 'RefreshControl' cannot be used as a JSX component.
  Its type 'typeof RefreshControl' is not a valid JSX element type.
    Type 'typeof RefreshControl' is not assignable to type 'new (props: any, context: any) => Component<any, any, any>'.
      Type 'RefreshControl' is missing the following properties from type 'Component<any, any, any>': context, setState, forceUpdate, render, and 2 more.
src/app/(tabs)/profile.tsx(329,35): error TS2607: JSX element class does not support attributes because it does not have a 'props' property.
src/app/(tabs)/profile.tsx(329,36): error TS2786: 'View' cannot be used as a JSX component.
  Its type 'typeof View' is not a valid JSX element type.
    Type 'typeof View' is not assignable to type 'new (props: any, context: any) => Component<any, any, any>'.
      Type 'View' is missing the following properties from type 'Component<any, any, any>': context, setState, forceUpdate, render, and 2 more.
src/app/(tabs)/profile.tsx(336,13): error TS2607: JSX element class does not support attributes because it does not have a 'props' property.
src/app/(tabs)/profile.tsx(336,14): error TS2786: 'View' cannot be used as a JSX component.
  Its type 'typeof View' is not a valid JSX element type.
    Type 'typeof View' is not assignable to type 'new (props: any, context: any) => Component<any, any, any>'.
      Type 'View' is missing the following properties from type 'Component<any, any, any>': context, setState, forceUpdate, render, and 2 more.
src/app/(tabs)/profile.tsx(337,15): error TS2607: JSX element class does not support attributes because it does not have a 'props' property.
src/app/(tabs)/profile.tsx(337,16): error TS2786: 'View' cannot be used as a JSX component.
  Its type 'typeof View' is not a valid JSX element type.
    Type 'typeof View' is not assignable to type 'new (props: any, context: any) => Component<any, any, any>'.
      Type 'View' is missing the following properties from type 'Component<any, any, any>': context, setState, forceUpdate, render, and 2 more.
src/app/(tabs)/profile.tsx(340,15): error TS2607: JSX element class does not support attributes because it does not have a 'props' property.
src/app/(tabs)/profile.tsx(340,16): error TS2786: 'Text' cannot be used as a JSX component.
  Its type 'typeof Text' is not a valid JSX element type.
    Type 'typeof Text' is not assignable to type 'new (props: any, context: any) => Component<any, any, any>'.
      Type 'Text' is missing the following properties from type 'Component<any, any, any>': context, setState, forceUpdate, render, and 2 more.
src/app/(tabs)/profile.tsx(345,13): error TS2607: JSX element class does not support attributes because it does not have a 'props' property.
src/app/(tabs)/profile.tsx(345,14): error TS2786: 'View' cannot be used as a JSX component.
  Its type 'typeof View' is not a valid JSX element type.
    Type 'typeof View' is not assignable to type 'new (props: any, context: any) => Component<any, any, any>'.
      Type 'View' is missing the following properties from type 'Component<any, any, any>': context, setState, forceUpdate, render, and 2 more.
src/app/(tabs)/report-action.tsx(6,11): error TS2786: 'View' cannot be used as a JSX component.
  Its type 'typeof View' is not a valid JSX element type.
    Type 'typeof View' is not assignable to type 'new (props: any, context: any) => Component<any, any, any>'.
      Type 'View' is missing the following properties from type 'Component<any, any, any>': context, setState, forceUpdate, render, and 2 more.
src/app/(tabs)/services.tsx(96,7): error TS2607: JSX element class does not support attributes because it does not have a 'props' property.
src/app/(tabs)/services.tsx(96,8): error TS2786: 'View' cannot be used as a JSX component.
  Its type 'typeof View' is not a valid JSX element type.
    Type 'typeof View' is not assignable to type 'new (props: any, context: any) => Component<any, any, any>'.
      Type 'View' is missing the following properties from type 'Component<any, any, any>': context, setState, forceUpdate, render, and 2 more.
src/app/(tabs)/services.tsx(97,9): error TS2607: JSX element class does not support attributes because it does not have a 'props' property.
src/app/(tabs)/services.tsx(97,10): error TS2786: 'Text' cannot be used as a JSX component.
  Its type 'typeof Text' is not a valid JSX element type.
    Type 'typeof Text' is not assignable to type 'new (props: any, context: any) => Component<any, any, any>'.
      Type 'Text' is missing the following properties from type 'Component<any, any, any>': context, setState, forceUpdate, render, and 2 more.
src/app/(tabs)/services.tsx(98,9): error TS2607: JSX element class does not support attributes because it does not have a 'props' property.
src/app/(tabs)/services.tsx(98,10): error TS2786: 'Text' cannot be used as a JSX component.
  Its type 'typeof Text' is not a valid JSX element type.
    Type 'typeof Text' is not assignable to type 'new (props: any, context: any) => Component<any, any, any>'.
      Type 'Text' is missing the following properties from type 'Component<any, any, any>': context, setState, forceUpdate, render, and 2 more.
src/app/(tabs)/services.tsx(101,9): error TS2607: JSX element class does not support attributes because it does not have a 'props' property.
src/app/(tabs)/services.tsx(101,10): error TS2786: 'View' cannot be used as a JSX component.
  Its type 'typeof View' is not a valid JSX element type.
    Type 'typeof View' is not assignable to type 'new (props: any, context: any) => Component<any, any, any>'.
      Type 'View' is missing the following properties from type 'Component<any, any, any>': context, setState, forceUpdate, render, and 2 more.
src/app/(tabs)/services.tsx(103,11): error TS2607: JSX element class does not support attributes because it does not have a 'props' property.
src/app/(tabs)/services.tsx(103,12): error TS2786: 'TextInput' cannot be used as a JSX component.
  Its type 'typeof TextInput' is not a valid JSX element type.
    Type 'typeof TextInput' is not assignable to type 'new (props: any, context: any) => Component<any, any, any>'.
      Type 'TextInput' is missing the following properties from type 'Component<any, any, any>': context, setState, forceUpdate, render, and 2 more.
src/app/(tabs)/services.tsx(114,7): error TS2607: JSX element class does not support attributes because it does not have a 'props' property.
src/app/(tabs)/services.tsx(114,8): error TS2786: 'View' cannot be used as a JSX component.
  Its type 'typeof View' is not a valid JSX element type.
    Type 'typeof View' is not assignable to type 'new (props: any, context: any) => Component<any, any, any>'.
      Type 'View' is missing the following properties from type 'Component<any, any, any>': context, setState, forceUpdate, render, and 2 more.
src/app/(tabs)/services.tsx(126,15): error TS2607: JSX element class does not support attributes because it does not have a 'props' property.
src/app/(tabs)/services.tsx(126,16): error TS2786: 'Text' cannot be used as a JSX component.
  Its type 'typeof Text' is not a valid JSX element type.
    Type 'typeof Text' is not assignable to type 'new (props: any, context: any) => Component<any, any, any>'.
      Type 'Text' is missing the following properties from type 'Component<any, any, any>': context, setState, forceUpdate, render, and 2 more.
src/app/(tabs)/services.tsx(134,7): error TS2607: JSX element class does not support attributes because it does not have a 'props' property.
src/app/(tabs)/services.tsx(134,8): error TS2786: 'ScrollView' cannot be used as a JSX component.
  Its type 'typeof ScrollView' is not a valid JSX element type.
    Type 'typeof ScrollView' is not assignable to type 'new (props: any, context: any) => Component<any, any, any>'.
      Type 'ScrollView' is missing the following properties from type 'Component<any, any, any>': context, setState, forceUpdate, render, and 2 more.
src/app/(tabs)/services.tsx(138,12): error TS2786: 'View' cannot be used as a JSX component.
  Its type 'typeof View' is not a valid JSX element type.
    Type 'typeof View' is not assignable to type 'new (props: any, context: any) => Component<any, any, any>'.
      Type 'View' is missing the following properties from type 'Component<any, any, any>': context, setState, forceUpdate, render, and 2 more.
src/app/(tabs)/services.tsx(145,15): error TS2607: JSX element class does not support attributes because it does not have a 'props' property.
src/app/(tabs)/services.tsx(145,16): error TS2786: 'View' cannot be used as a JSX component.
  Its type 'typeof View' is not a valid JSX element type.
    Type 'typeof View' is not assignable to type 'new (props: any, context: any) => Component<any, any, any>'.
      Type 'View' is missing the following properties from type 'Component<any, any, any>': context, setState, forceUpdate, render, and 2 more.
src/app/(tabs)/services.tsx(148,15): error TS2607: JSX element class does not support attributes because it does not have a 'props' property.
src/app/(tabs)/services.tsx(148,16): error TS2786: 'View' cannot be used as a JSX component.
  Its type 'typeof View' is not a valid JSX element type.
    Type 'typeof View' is not assignable to type 'new (props: any, context: any) => Component<any, any, any>'.
      Type 'View' is missing the following properties from type 'Component<any, any, any>': context, setState, forceUpdate, render, and 2 more.
src/app/(tabs)/services.tsx(149,17): error TS2607: JSX element class does not support attributes because it does not have a 'props' property.
src/app/(tabs)/services.tsx(149,18): error TS2786: 'Text' cannot be used as a JSX component.
  Its type 'typeof Text' is not a valid JSX element type.
    Type 'typeof Text' is not assignable to type 'new (props: any, context: any) => Component<any, any, any>'.
      Type 'Text' is missing the following properties from type 'Component<any, any, any>': context, setState, forceUpdate, render, and 2 more.
src/app/(tabs)/services.tsx(150,17): error TS2607: JSX element class does not support attributes because it does not have a 'props' property.
src/app/(tabs)/services.tsx(150,18): error TS2786: 'Text' cannot be used as a JSX component.
  Its type 'typeof Text' is not a valid JSX element type.
    Type 'typeof Text' is not assignable to type 'new (props: any, context: any) => Component<any, any, any>'.
      Type 'Text' is missing the following properties from type 'Component<any, any, any>': context, setState, forceUpdate, render, and 2 more.
src/app/(tabs)/services.tsx(154,13): error TS2607: JSX element class does not support attributes because it does not have a 'props' property.
src/app/(tabs)/services.tsx(154,14): error TS2786: 'Text' cannot be used as a JSX component.
  Its type 'typeof Text' is not a valid JSX element type.
    Type 'typeof Text' is not assignable to type 'new (props: any, context: any) => Component<any, any, any>'.
      Type 'Text' is missing the following properties from type 'Component<any, any, any>': context, setState, forceUpdate, render, and 2 more.
src/app/(tabs)/services.tsx(164,19): error TS2607: JSX element class does not support attributes because it does not have a 'props' property.
src/app/(tabs)/services.tsx(164,20): error TS2786: 'View' cannot be used as a JSX component.
  Its type 'typeof View' is not a valid JSX element type.
    Type 'typeof View' is not assignable to type 'new (props: any, context: any) => Component<any, any, any>'.
      Type 'View' is missing the following properties from type 'Component<any, any, any>': context, setState, forceUpdate, render, and 2 more.
src/app/(tabs)/services.tsx(165,21): error TS2607: JSX element class does not support attributes because it does not have a 'props' property.
src/app/(tabs)/services.tsx(165,22): error TS2786: 'View' cannot be used as a JSX component.
  Its type 'typeof View' is not a valid JSX element type.
    Type 'typeof View' is not assignable to type 'new (props: any, context: any) => Component<any, any, any>'.
      Type 'View' is missing the following properties from type 'Component<any, any, any>': context, setState, forceUpdate, render, and 2 more.
src/app/(tabs)/services.tsx(171,22): error TS2786: 'View' cannot be used as a JSX component.
  Its type 'typeof View' is not a valid JSX element type.
    Type 'typeof View' is not assignable to type 'new (props: any, context: any) => Component<any, any, any>'.
      Type 'View' is missing the following properties from type 'Component<any, any, any>': context, setState, forceUpdate, render, and 2 more.
src/app/(tabs)/services.tsx(172,23): error TS2607: JSX element class does not support attributes because it does not have a 'props' property.
src/app/(tabs)/services.tsx(172,24): error TS2786: 'Text' cannot be used as a JSX component.
  Its type 'typeof Text' is not a valid JSX element type.
    Type 'typeof Text' is not assignable to type 'new (props: any, context: any) => Component<any, any, any>'.
      Type 'Text' is missing the following properties from type 'Component<any, any, any>': context, setState, forceUpdate, render, and 2 more.
src/app/(tabs)/services.tsx(173,23): error TS2607: JSX element class does not support attributes because it does not have a 'props' property.
src/app/(tabs)/services.tsx(173,24): error TS2786: 'Text' cannot be used as a JSX component.
  Its type 'typeof Text' is not a valid JSX element type.
    Type 'typeof Text' is not assignable to type 'new (props: any, context: any) => Component<any, any, any>'.
      Type 'Text' is missing the following properties from type 'Component<any, any, any>': context, setState, forceUpdate, render, and 2 more.
src/app/(tabs)/services.tsx(176,19): error TS2607: JSX element class does not support attributes because it does not have a 'props' property.
src/app/(tabs)/services.tsx(176,20): error TS2786: 'View' cannot be used as a JSX component.
  Its type 'typeof View' is not a valid JSX element type.
    Type 'typeof View' is not assignable to type 'new (props: any, context: any) => Component<any, any, any>'.
      Type 'View' is missing the following properties from type 'Component<any, any, any>': context, setState, forceUpdate, render, and 2 more.
src/app/(tabs)/services.tsx(187,12): error TS2786: 'View' cannot be used as a JSX component.
  Its type 'typeof View' is not a valid JSX element type.
    Type 'typeof View' is not assignable to type 'new (props: any, context: any) => Component<any, any, any>'.
      Type 'View' is missing the following properties from type 'Component<any, any, any>': context, setState, forceUpdate, render, and 2 more.
src/app/(tabs)/services.tsx(188,13): error TS2607: JSX element class does not support attributes because it does not have a 'props' property.
src/app/(tabs)/services.tsx(188,14): error TS2786: 'Text' cannot be used as a JSX component.
  Its type 'typeof Text' is not a valid JSX element type.
    Type 'typeof Text' is not assignable to type 'new (props: any, context: any) => Component<any, any, any>'.
      Type 'Text' is missing the following properties from type 'Component<any, any, any>': context, setState, forceUpdate, render, and 2 more.
src/app/(tabs)/services.tsx(189,13): error TS2607: JSX element class does not support attributes because it does not have a 'props' property.
src/app/(tabs)/services.tsx(189,14): error TS2786: 'View' cannot be used as a JSX component.
  Its type 'typeof View' is not a valid JSX element type.
    Type 'typeof View' is not assignable to type 'new (props: any, context: any) => Component<any, any, any>'.
      Type 'View' is missing the following properties from type 'Component<any, any, any>': context, setState, forceUpdate, render, and 2 more.
src/app/(tabs)/services.tsx(202,21): error TS2607: JSX element class does not support attributes because it does not have a 'props' property.
src/app/(tabs)/services.tsx(202,22): error TS2786: 'View' cannot be used as a JSX component.
  Its type 'typeof View' is not a valid JSX element type.
    Type 'typeof View' is not assignable to type 'new (props: any, context: any) => Component<any, any, any>'.
      Type 'View' is missing the following properties from type 'Component<any, any, any>': context, setState, forceUpdate, render, and 2 more.
src/app/(tabs)/services.tsx(208,21): error TS2607: JSX element class does not support attributes because it does not have a 'props' property.
src/app/(tabs)/services.tsx(208,22): error TS2786: 'Text' cannot be used as a JSX component.
  Its type 'typeof Text' is not a valid JSX element type.
    Type 'typeof Text' is not assignable to type 'new (props: any, context: any) => Component<any, any, any>'.
      Type 'Text' is missing the following properties from type 'Component<any, any, any>': context, setState, forceUpdate, render, and 2 more.
src/app/(tabs)/services.tsx(218,12): error TS2786: 'View' cannot be used as a JSX component.
  Its type 'typeof View' is not a valid JSX element type.
    Type 'typeof View' is not assignable to type 'new (props: any, context: any) => Component<any, any, any>'.
      Type 'View' is missing the following properties from type 'Component<any, any, any>': context, setState, forceUpdate, render, and 2 more.
src/app/(tabs)/services.tsx(219,13): error TS2607: JSX element class does not support attributes because it does not have a 'props' property.
src/app/(tabs)/services.tsx(219,14): error TS2786: 'Text' cannot be used as a JSX component.
  Its type 'typeof Text' is not a valid JSX element type.
    Type 'typeof Text' is not assignable to type 'new (props: any, context: any) => Component<any, any, any>'.
      Type 'Text' is missing the following properties from type 'Component<any, any, any>': context, setState, forceUpdate, render, and 2 more.
src/app/(tabs)/services.tsx(221,15): error TS2607: JSX element class does not support attributes because it does not have a 'props' property.
src/app/(tabs)/services.tsx(221,16): error TS2786: 'View' cannot be used as a JSX component.
  Its type 'typeof View' is not a valid JSX element type.
    Type 'typeof View' is not assignable to type 'new (props: any, context: any) => Component<any, any, any>'.
      Type 'View' is missing the following properties from type 'Component<any, any, any>': context, setState, forceUpdate, render, and 2 more.
src/app/(tabs)/services.tsx(224,17): error TS2607: JSX element class does not support attributes because it does not have a 'props' property.
src/app/(tabs)/services.tsx(224,18): error TS2786: 'View' cannot be used as a JSX component.
  Its type 'typeof View' is not a valid JSX element type.
    Type 'typeof View' is not assignable to type 'new (props: any, context: any) => Component<any, any, any>'.
      Type 'View' is missing the following properties from type 'Component<any, any, any>': context, setState, forceUpdate, render, and 2 more.
src/app/(tabs)/services.tsx(225,19): error TS2607: JSX element class does not support attributes because it does not have a 'props' property.
src/app/(tabs)/services.tsx(225,20): error TS2786: 'Text' cannot be used as a JSX component.
  Its type 'typeof Text' is not a valid JSX element type.
    Type 'typeof Text' is not assignable to type 'new (props: any, context: any) => Component<any, any, any>'.
      Type 'Text' is missing the following properties from type 'Component<any, any, any>': context, setState, forceUpdate, render, and 2 more.
src/app/(tabs)/services.tsx(228,17): error TS2607: JSX element class does not support attributes because it does not have a 'props' property.
src/app/(tabs)/services.tsx(228,18): error TS2786: 'View' cannot be used as a JSX component.
  Its type 'typeof View' is not a valid JSX element type.
    Type 'typeof View' is not assignable to type 'new (props: any, context: any) => Component<any, any, any>'.
      Type 'View' is missing the following properties from type 'Component<any, any, any>': context, setState, forceUpdate, render, and 2 more.
src/app/(tabs)/services.tsx(229,19): error TS2607: JSX element class does not support attributes because it does not have a 'props' property.
src/app/(tabs)/services.tsx(229,20): error TS2786: 'Text' cannot be used as a JSX component.
  Its type 'typeof Text' is not a valid JSX element type.
    Type 'typeof Text' is not assignable to type 'new (props: any, context: any) => Component<any, any, any>'.
      Type 'Text' is missing the following properties from type 'Component<any, any, any>': context, setState, forceUpdate, render, and 2 more.
src/app/(tabs)/services.tsx(230,19): error TS2607: JSX element class does not support attributes because it does not have a 'props' property.
src/app/(tabs)/services.tsx(230,20): error TS2786: 'View' cannot be used as a JSX component.
  Its type 'typeof View' is not a valid JSX element type.
    Type 'typeof View' is not assignable to type 'new (props: any, context: any) => Component<any, any, any>'.
      Type 'View' is missing the following properties from type 'Component<any, any, any>': context, setState, forceUpdate, render, and 2 more.
src/app/(tabs)/services.tsx(232,21): error TS2607: JSX element class does not support attributes because it does not have a 'props' property.
src/app/(tabs)/services.tsx(232,22): error TS2786: 'Text' cannot be used as a JSX component.
  Its type 'typeof Text' is not a valid JSX element type.
    Type 'typeof Text' is not assignable to type 'new (props: any, context: any) => Component<any, any, any>'.
      Type 'Text' is missing the following properties from type 'Component<any, any, any>': context, setState, forceUpdate, render, and 2 more.
src/app/(tabs)/services.tsx(235,17): error TS2607: JSX element class does not support attributes because it does not have a 'props' property.
src/app/(tabs)/services.tsx(235,18): error TS2786: 'View' cannot be used as a JSX component.
  Its type 'typeof View' is not a valid JSX element type.
    Type 'typeof View' is not assignable to type 'new (props: any, context: any) => Component<any, any, any>'.
      Type 'View' is missing the following properties from type 'Component<any, any, any>': context, setState, forceUpdate, render, and 2 more.
src/app/(tabs)/services.tsx(243,12): error TS2786: 'View' cannot be used as a JSX component.
  Its type 'typeof View' is not a valid JSX element type.
    Type 'typeof View' is not assignable to type 'new (props: any, context: any) => Component<any, any, any>'.
      Type 'View' is missing the following properties from type 'Component<any, any, any>': context, setState, forceUpdate, render, and 2 more.
src/app/(tabs)/services.tsx(244,13): error TS2607: JSX element class does not support attributes because it does not have a 'props' property.
src/app/(tabs)/services.tsx(244,14): error TS2786: 'Text' cannot be used as a JSX component.
  Its type 'typeof Text' is not a valid JSX element type.
    Type 'typeof Text' is not assignable to type 'new (props: any, context: any) => Component<any, any, any>'.
      Type 'Text' is missing the following properties from type 'Component<any, any, any>': context, setState, forceUpdate, render, and 2 more.
src/app/(tabs)/services.tsx(245,13): error TS2607: JSX element class does not support attributes because it does not have a 'props' property.
src/app/(tabs)/services.tsx(245,14): error TS2786: 'View' cannot be used as a JSX component.
  Its type 'typeof View' is not a valid JSX element type.
    Type 'typeof View' is not assignable to type 'new (props: any, context: any) => Component<any, any, any>'.
      Type 'View' is missing the following properties from type 'Component<any, any, any>': context, setState, forceUpdate, render, and 2 more.
src/app/(tabs)/services.tsx(246,15): error TS2607: JSX element class does not support attributes because it does not have a 'props' property.
src/app/(tabs)/services.tsx(246,16): error TS2786: 'View' cannot be used as a JSX component.
  Its type 'typeof View' is not a valid JSX element type.
    Type 'typeof View' is not assignable to type 'new (props: any, context: any) => Component<any, any, any>'.
      Type 'View' is missing the following properties from type 'Component<any, any, any>': context, setState, forceUpdate, render, and 2 more.
src/app/(tabs)/services.tsx(247,17): error TS2607: JSX element class does not support attributes because it does not have a 'props' property.
src/app/(tabs)/services.tsx(247,18): error TS2786: 'View' cannot be used as a JSX component.
  Its type 'typeof View' is not a valid JSX element type.
    Type 'typeof View' is not assignable to type 'new (props: any, context: any) => Component<any, any, any>'.
      Type 'View' is missing the following properties from type 'Component<any, any, any>': context, setState, forceUpdate, render, and 2 more.
src/app/(tabs)/services.tsx(250,17): error TS2607: JSX element class does not support attributes because it does not have a 'props' property.
src/app/(tabs)/services.tsx(250,18): error TS2786: 'Text' cannot be used as a JSX component.
  Its type 'typeof Text' is not a valid JSX element type.
    Type 'typeof Text' is not assignable to type 'new (props: any, context: any) => Component<any, any, any>'.
      Type 'Text' is missing the following properties from type 'Component<any, any, any>': context, setState, forceUpdate, render, and 2 more.
src/app/(tabs)/services.tsx(251,17): error TS2607: JSX element class does not support attributes because it does not have a 'props' property.
src/app/(tabs)/services.tsx(251,18): error TS2786: 'Text' cannot be used as a JSX component.
  Its type 'typeof Text' is not a valid JSX element type.
    Type 'typeof Text' is not assignable to type 'new (props: any, context: any) => Component<any, any, any>'.
      Type 'Text' is missing the following properties from type 'Component<any, any, any>': context, setState, forceUpdate, render, and 2 more.
src/app/(tabs)/services.tsx(254,15): error TS2607: JSX element class does not support attributes because it does not have a 'props' property.
src/app/(tabs)/services.tsx(254,16): error TS2786: 'View' cannot be used as a JSX component.
  Its type 'typeof View' is not a valid JSX element type.
    Type 'typeof View' is not assignable to type 'new (props: any, context: any) => Component<any, any, any>'.
      Type 'View' is missing the following properties from type 'Component<any, any, any>': context, setState, forceUpdate, render, and 2 more.
src/app/(tabs)/services.tsx(255,17): error TS2607: JSX element class does not support attributes because it does not have a 'props' property.
src/app/(tabs)/services.tsx(255,18): error TS2786: 'View' cannot be used as a JSX component.
  Its type 'typeof View' is not a valid JSX element type.
    Type 'typeof View' is not assignable to type 'new (props: any, context: any) => Component<any, any, any>'.
      Type 'View' is missing the following properties from type 'Component<any, any, any>': context, setState, forceUpdate, render, and 2 more.
src/app/(tabs)/services.tsx(257,19): error TS2607: JSX element class does not support attributes because it does not have a 'props' property.
src/app/(tabs)/services.tsx(257,20): error TS2786: 'Text' cannot be used as a JSX component.
  Its type 'typeof Text' is not a valid JSX element type.
    Type 'typeof Text' is not assignable to type 'new (props: any, context: any) => Component<any, any, any>'.
      Type 'Text' is missing the following properties from type 'Component<any, any, any>': context, setState, forceUpdate, render, and 2 more.
src/app/(tabs)/services.tsx(258,19): error TS2607: JSX element class does not support attributes because it does not have a 'props' property.
src/app/(tabs)/services.tsx(258,20): error TS2786: 'Text' cannot be used as a JSX component.
  Its type 'typeof Text' is not a valid JSX element type.
    Type 'typeof Text' is not assignable to type 'new (props: any, context: any) => Component<any, any, any>'.
      Type 'Text' is missing the following properties from type 'Component<any, any, any>': context, setState, forceUpdate, render, and 2 more.
src/app/(tabs)/services.tsx(260,17): error TS2607: JSX element class does not support attributes because it does not have a 'props' property.
src/app/(tabs)/services.tsx(260,18): error TS2786: 'View' cannot be used as a JSX component.
  Its type 'typeof View' is not a valid JSX element type.
    Type 'typeof View' is not assignable to type 'new (props: any, context: any) => Component<any, any, any>'.
      Type 'View' is missing the following properties from type 'Component<any, any, any>': context, setState, forceUpdate, render, and 2 more.
src/app/(tabs)/services.tsx(262,19): error TS2607: JSX element class does not support attributes because it does not have a 'props' property.
src/app/(tabs)/services.tsx(262,20): error TS2786: 'Text' cannot be used as a JSX component.
  Its type 'typeof Text' is not a valid JSX element type.
    Type 'typeof Text' is not assignable to type 'new (props: any, context: any) => Component<any, any, any>'.
      Type 'Text' is missing the following properties from type 'Component<any, any, any>': context, setState, forceUpdate, render, and 2 more.
src/app/(tabs)/services.tsx(263,19): error TS2607: JSX element class does not support attributes because it does not have a 'props' property.
src/app/(tabs)/services.tsx(263,20): error TS2786: 'Text' cannot be used as a JSX component.
  Its type 'typeof Text' is not a valid JSX element type.
    Type 'typeof Text' is not assignable to type 'new (props: any, context: any) => Component<any, any, any>'.
      Type 'Text' is missing the following properties from type 'Component<any, any, any>': context, setState, forceUpdate, render, and 2 more.
src/app/(tabs)/services.tsx(265,17): error TS2607: JSX element class does not support attributes because it does not have a 'props' property.
src/app/(tabs)/services.tsx(265,18): error TS2786: 'View' cannot be used as a JSX component.
  Its type 'typeof View' is not a valid JSX element type.
    Type 'typeof View' is not assignable to type 'new (props: any, context: any) => Component<any, any, any>'.
      Type 'View' is missing the following properties from type 'Component<any, any, any>': context, setState, forceUpdate, render, and 2 more.
src/app/(tabs)/services.tsx(267,19): error TS2607: JSX element class does not support attributes because it does not have a 'props' property.
src/app/(tabs)/services.tsx(267,20): error TS2786: 'Text' cannot be used as a JSX component.
  Its type 'typeof Text' is not a valid JSX element type.
    Type 'typeof Text' is not assignable to type 'new (props: any, context: any) => Component<any, any, any>'.
      Type 'Text' is missing the following properties from type 'Component<any, any, any>': context, setState, forceUpdate, render, and 2 more.
src/app/(tabs)/services.tsx(268,19): error TS2607: JSX element class does not support attributes because it does not have a 'props' property.
src/app/(tabs)/services.tsx(268,20): error TS2786: 'Text' cannot be used as a JSX component.
  Its type 'typeof Text' is not a valid JSX element type.
    Type 'typeof Text' is not assignable to type 'new (props: any, context: any) => Component<any, any, any>'.
      Type 'Text' is missing the following properties from type 'Component<any, any, any>': context, setState, forceUpdate, render, and 2 more.
src/app/(tabs)/services.tsx(270,17): error TS2607: JSX element class does not support attributes because it does not have a 'props' property.
src/app/(tabs)/services.tsx(270,18): error TS2786: 'View' cannot be used as a JSX component.
  Its type 'typeof View' is not a valid JSX element type.
    Type 'typeof View' is not assignable to type 'new (props: any, context: any) => Component<any, any, any>'.
      Type 'View' is missing the following properties from type 'Component<any, any, any>': context, setState, forceUpdate, render, and 2 more.
src/app/(tabs)/services.tsx(272,19): error TS2607: JSX element class does not support attributes because it does not have a 'props' property.
src/app/(tabs)/services.tsx(272,20): error TS2786: 'Text' cannot be used as a JSX component.
  Its type 'typeof Text' is not a valid JSX element type.
    Type 'typeof Text' is not assignable to type 'new (props: any, context: any) => Component<any, any, any>'.
      Type 'Text' is missing the following properties from type 'Component<any, any, any>': context, setState, forceUpdate, render, and 2 more.
src/app/(tabs)/services.tsx(273,19): error TS2607: JSX element class does not support attributes because it does not have a 'props' property.
src/app/(tabs)/services.tsx(273,20): error TS2786: 'Text' cannot be used as a JSX component.
  Its type 'typeof Text' is not a valid JSX element type.
    Type 'typeof Text' is not assignable to type 'new (props: any, context: any) => Component<any, any, any>'.
      Type 'Text' is missing the following properties from type 'Component<any, any, any>': context, setState, forceUpdate, render, and 2 more.
src/app/(tabs)/services.tsx(276,17): error TS2607: JSX element class does not support attributes because it does not have a 'props' property.
src/app/(tabs)/services.tsx(276,18): error TS2786: 'View' cannot be used as a JSX component.
  Its type 'typeof View' is not a valid JSX element type.
    Type 'typeof View' is not assignable to type 'new (props: any, context: any) => Component<any, any, any>'.
      Type 'View' is missing the following properties from type 'Component<any, any, any>': context, setState, forceUpdate, render, and 2 more.
src/app/(tabs)/services.tsx(277,19): error TS2607: JSX element class does not support attributes because it does not have a 'props' property.
src/app/(tabs)/services.tsx(277,20): error TS2786: 'View' cannot be used as a JSX component.
  Its type 'typeof View' is not a valid JSX element type.
    Type 'typeof View' is not assignable to type 'new (props: any, context: any) => Component<any, any, any>'.
      Type 'View' is missing the following properties from type 'Component<any, any, any>': context, setState, forceUpdate, render, and 2 more.
src/app/(tabs)/services.tsx(278,21): error TS2607: JSX element class does not support attributes because it does not have a 'props' property.
src/app/(tabs)/services.tsx(278,22): error TS2786: 'Text' cannot be used as a JSX component.
  Its type 'typeof Text' is not a valid JSX element type.
    Type 'typeof Text' is not assignable to type 'new (props: any, context: any) => Component<any, any, any>'.
      Type 'Text' is missing the following properties from type 'Component<any, any, any>': context, setState, forceUpdate, render, and 2 more.
src/app/(tabs)/services.tsx(279,21): error TS2607: JSX element class does not support attributes because it does not have a 'props' property.
src/app/(tabs)/services.tsx(279,22): error TS2786: 'Text' cannot be used as a JSX component.
  Its type 'typeof Text' is not a valid JSX element type.
    Type 'typeof Text' is not assignable to type 'new (props: any, context: any) => Component<any, any, any>'.
      Type 'Text' is missing the following properties from type 'Component<any, any, any>': context, setState, forceUpdate, render, and 2 more.
src/app/(tabs)/services.tsx(281,19): error TS2607: JSX element class does not support attributes because it does not have a 'props' property.
src/app/(tabs)/services.tsx(281,20): error TS2786: 'View' cannot be used as a JSX component.
  Its type 'typeof View' is not a valid JSX element type.
    Type 'typeof View' is not assignable to type 'new (props: any, context: any) => Component<any, any, any>'.
      Type 'View' is missing the following properties from type 'Component<any, any, any>': context, setState, forceUpdate, render, and 2 more.
src/app/(tabs)/services.tsx(282,21): error TS2607: JSX element class does not support attributes because it does not have a 'props' property.
src/app/(tabs)/services.tsx(282,22): error TS2786: 'Text' cannot be used as a JSX component.
  Its type 'typeof Text' is not a valid JSX element type.
    Type 'typeof Text' is not assignable to type 'new (props: any, context: any) => Component<any, any, any>'.
      Type 'Text' is missing the following properties from type 'Component<any, any, any>': context, setState, forceUpdate, render, and 2 more.
src/app/(tabs)/services.tsx(283,21): error TS2607: JSX element class does not support attributes because it does not have a 'props' property.
src/app/(tabs)/services.tsx(283,22): error TS2786: 'Text' cannot be used as a JSX component.
  Its type 'typeof Text' is not a valid JSX element type.
    Type 'typeof Text' is not assignable to type 'new (props: any, context: any) => Component<any, any, any>'.
      Type 'Text' is missing the following properties from type 'Component<any, any, any>': context, setState, forceUpdate, render, and 2 more.
src/app/(tabs)/services.tsx(290,16): error TS2786: 'View' cannot be used as a JSX component.
  Its type 'typeof View' is not a valid JSX element type.
    Type 'typeof View' is not assignable to type 'new (props: any, context: any) => Component<any, any, any>'.
      Type 'View' is missing the following properties from type 'Component<any, any, any>': context, setState, forceUpdate, render, and 2 more.
src/app/(tabs)/services.tsx(291,17): error TS2607: JSX element class does not support attributes because it does not have a 'props' property.
src/app/(tabs)/services.tsx(291,18): error TS2786: 'Text' cannot be used as a JSX component.
  Its type 'typeof Text' is not a valid JSX element type.
    Type 'typeof Text' is not assignable to type 'new (props: any, context: any) => Component<any, any, any>'.
      Type 'Text' is missing the following properties from type 'Component<any, any, any>': context, setState, forceUpdate, render, and 2 more.
src/app/(tabs)/services.tsx(292,17): error TS2607: JSX element class does not support attributes because it does not have a 'props' property.
src/app/(tabs)/services.tsx(292,18): error TS2786: 'Text' cannot be used as a JSX component.
  Its type 'typeof Text' is not a valid JSX element type.
    Type 'typeof Text' is not assignable to type 'new (props: any, context: any) => Component<any, any, any>'.
      Type 'Text' is missing the following properties from type 'Component<any, any, any>': context, setState, forceUpdate, render, and 2 more.
src/app/issue/[id].tsx(131,7): error TS2607: JSX element class does not support attributes because it does not have a 'props' property.
src/app/issue/[id].tsx(131,8): error TS2786: 'View' cannot be used as a JSX component.
  Its type 'typeof View' is not a valid JSX element type.
    Type 'typeof View' is not assignable to type 'new (props: any, context: any) => Component<any, any, any>'.
      Type 'View' is missing the following properties from type 'Component<any, any, any>': context, setState, forceUpdate, render, and 2 more.
src/app/issue/[id].tsx(133,9): error TS2607: JSX element class does not support attributes because it does not have a 'props' property.
src/app/issue/[id].tsx(133,10): error TS2786: 'View' cannot be used as a JSX component.
  Its type 'typeof View' is not a valid JSX element type.
    Type 'typeof View' is not assignable to type 'new (props: any, context: any) => Component<any, any, any>'.
      Type 'View' is missing the following properties from type 'Component<any, any, any>': context, setState, forceUpdate, render, and 2 more.
src/app/issue/[id].tsx(134,11): error TS2607: JSX element class does not support attributes because it does not have a 'props' property.
src/app/issue/[id].tsx(134,12): error TS2786: 'View' cannot be used as a JSX component.
  Its type 'typeof View' is not a valid JSX element type.
    Type 'typeof View' is not assignable to type 'new (props: any, context: any) => Component<any, any, any>'.
      Type 'View' is missing the following properties from type 'Component<any, any, any>': context, setState, forceUpdate, render, and 2 more.
src/app/issue/[id].tsx(138,15): error TS2607: JSX element class does not support attributes because it does not have a 'props' property.
src/app/issue/[id].tsx(138,16): error TS2786: 'View' cannot be used as a JSX component.
  Its type 'typeof View' is not a valid JSX element type.
    Type 'typeof View' is not assignable to type 'new (props: any, context: any) => Component<any, any, any>'.
      Type 'View' is missing the following properties from type 'Component<any, any, any>': context, setState, forceUpdate, render, and 2 more.
src/app/issue/[id].tsx(142,13): error TS2607: JSX element class does not support attributes because it does not have a 'props' property.
src/app/issue/[id].tsx(142,14): error TS2786: 'View' cannot be used as a JSX component.
  Its type 'typeof View' is not a valid JSX element type.
    Type 'typeof View' is not assignable to type 'new (props: any, context: any) => Component<any, any, any>'.
      Type 'View' is missing the following properties from type 'Component<any, any, any>': context, setState, forceUpdate, render, and 2 more.
src/app/issue/[id].tsx(143,15): error TS2607: JSX element class does not support attributes because it does not have a 'props' property.
src/app/issue/[id].tsx(143,16): error TS2786: 'Text' cannot be used as a JSX component.
  Its type 'typeof Text' is not a valid JSX element type.
    Type 'typeof Text' is not assignable to type 'new (props: any, context: any) => Component<any, any, any>'.
      Type 'Text' is missing the following properties from type 'Component<any, any, any>': context, setState, forceUpdate, render, and 2 more.
src/app/issue/[id].tsx(146,15): error TS2607: JSX element class does not support attributes because it does not have a 'props' property.
src/app/issue/[id].tsx(146,16): error TS2786: 'View' cannot be used as a JSX component.
  Its type 'typeof View' is not a valid JSX element type.
    Type 'typeof View' is not assignable to type 'new (props: any, context: any) => Component<any, any, any>'.
      Type 'View' is missing the following properties from type 'Component<any, any, any>': context, setState, forceUpdate, render, and 2 more.
src/app/issue/[id].tsx(147,17): error TS2607: JSX element class does not support attributes because it does not have a 'props' property.
src/app/issue/[id].tsx(147,18): error TS2786: 'View' cannot be used as a JSX component.
  Its type 'typeof View' is not a valid JSX element type.
    Type 'typeof View' is not assignable to type 'new (props: any, context: any) => Component<any, any, any>'.
      Type 'View' is missing the following properties from type 'Component<any, any, any>': context, setState, forceUpdate, render, and 2 more.
src/app/issue/[id].tsx(149,19): error TS2607: JSX element class does not support attributes because it does not have a 'props' property.
src/app/issue/[id].tsx(149,20): error TS2786: 'Text' cannot be used as a JSX component.
  Its type 'typeof Text' is not a valid JSX element type.
    Type 'typeof Text' is not assignable to type 'new (props: any, context: any) => Component<any, any, any>'.
      Type 'Text' is missing the following properties from type 'Component<any, any, any>': context, setState, forceUpdate, render, and 2 more.
src/app/issue/[id].tsx(151,17): error TS2607: JSX element class does not support attributes because it does not have a 'props' property.
src/app/issue/[id].tsx(151,18): error TS2786: 'Text' cannot be used as a JSX component.
  Its type 'typeof Text' is not a valid JSX element type.
    Type 'typeof Text' is not assignable to type 'new (props: any, context: any) => Component<any, any, any>'.
      Type 'Text' is missing the following properties from type 'Component<any, any, any>': context, setState, forceUpdate, render, and 2 more.
src/app/issue/[id].tsx(163,9): error TS2607: JSX element class does not support attributes because it does not have a 'props' property.
src/app/issue/[id].tsx(163,10): error TS2786: 'View' cannot be used as a JSX component.
  Its type 'typeof View' is not a valid JSX element type.
    Type 'typeof View' is not assignable to type 'new (props: any, context: any) => Component<any, any, any>'.
      Type 'View' is missing the following properties from type 'Component<any, any, any>': context, setState, forceUpdate, render, and 2 more.
src/app/issue/[id].tsx(164,11): error TS2607: JSX element class does not support attributes because it does not have a 'props' property.
src/app/issue/[id].tsx(164,12): error TS2786: 'Text' cannot be used as a JSX component.
  Its type 'typeof Text' is not a valid JSX element type.
    Type 'typeof Text' is not assignable to type 'new (props: any, context: any) => Component<any, any, any>'.
      Type 'Text' is missing the following properties from type 'Component<any, any, any>': context, setState, forceUpdate, render, and 2 more.
src/app/issue/[id].tsx(165,11): error TS2607: JSX element class does not support attributes because it does not have a 'props' property.
src/app/issue/[id].tsx(165,12): error TS2786: 'Text' cannot be used as a JSX component.
  Its type 'typeof Text' is not a valid JSX element type.
    Type 'typeof Text' is not assignable to type 'new (props: any, context: any) => Component<any, any, any>'.
      Type 'Text' is missing the following properties from type 'Component<any, any, any>': context, setState, forceUpdate, render, and 2 more.
src/app/issue/[id].tsx(170,11): error TS2607: JSX element class does not support attributes because it does not have a 'props' property.
src/app/issue/[id].tsx(170,12): error TS2786: 'View' cannot be used as a JSX component.
  Its type 'typeof View' is not a valid JSX element type.
    Type 'typeof View' is not assignable to type 'new (props: any, context: any) => Component<any, any, any>'.
      Type 'View' is missing the following properties from type 'Component<any, any, any>': context, setState, forceUpdate, render, and 2 more.
src/app/issue/[id].tsx(176,9): error TS2607: JSX element class does not support attributes because it does not have a 'props' property.
src/app/issue/[id].tsx(176,10): error TS2786: 'View' cannot be used as a JSX component.
  Its type 'typeof View' is not a valid JSX element type.
    Type 'typeof View' is not assignable to type 'new (props: any, context: any) => Component<any, any, any>'.
      Type 'View' is missing the following properties from type 'Component<any, any, any>': context, setState, forceUpdate, render, and 2 more.
src/app/issue/[id].tsx(179,13): error TS2607: JSX element class does not support attributes because it does not have a 'props' property.
src/app/issue/[id].tsx(179,14): error TS2786: 'Text' cannot be used as a JSX component.
  Its type 'typeof Text' is not a valid JSX element type.
    Type 'typeof Text' is not assignable to type 'new (props: any, context: any) => Component<any, any, any>'.
      Type 'Text' is missing the following properties from type 'Component<any, any, any>': context, setState, forceUpdate, render, and 2 more.
src/app/issue/[id].tsx(182,11): error TS2607: JSX element class does not support attributes because it does not have a 'props' property.
src/app/issue/[id].tsx(182,12): error TS2786: 'View' cannot be used as a JSX component.
  Its type 'typeof View' is not a valid JSX element type.
    Type 'typeof View' is not assignable to type 'new (props: any, context: any) => Component<any, any, any>'.
      Type 'View' is missing the following properties from type 'Component<any, any, any>': context, setState, forceUpdate, render, and 2 more.
src/app/issue/[id].tsx(186,13): error TS2607: JSX element class does not support attributes because it does not have a 'props' property.
src/app/issue/[id].tsx(186,14): error TS2786: 'Text' cannot be used as a JSX component.
  Its type 'typeof Text' is not a valid JSX element type.
    Type 'typeof Text' is not assignable to type 'new (props: any, context: any) => Component<any, any, any>'.
      Type 'Text' is missing the following properties from type 'Component<any, any, any>': context, setState, forceUpdate, render, and 2 more.
src/app/issue/[id].tsx(189,11): error TS2607: JSX element class does not support attributes because it does not have a 'props' property.
src/app/issue/[id].tsx(189,12): error TS2786: 'View' cannot be used as a JSX component.
  Its type 'typeof View' is not a valid JSX element type.
    Type 'typeof View' is not assignable to type 'new (props: any, context: any) => Component<any, any, any>'.
      Type 'View' is missing the following properties from type 'Component<any, any, any>': context, setState, forceUpdate, render, and 2 more.
src/app/issue/[id].tsx(193,13): error TS2607: JSX element class does not support attributes because it does not have a 'props' property.
src/app/issue/[id].tsx(193,14): error TS2786: 'Text' cannot be used as a JSX component.
  Its type 'typeof Text' is not a valid JSX element type.
    Type 'typeof Text' is not assignable to type 'new (props: any, context: any) => Component<any, any, any>'.
      Type 'Text' is missing the following properties from type 'Component<any, any, any>': context, setState, forceUpdate, render, and 2 more.
src/app/issue/[id].tsx(203,7): error TS2607: JSX element class does not support attributes because it does not have a 'props' property.
src/app/issue/[id].tsx(203,8): error TS2786: 'View' cannot be used as a JSX component.
  Its type 'typeof View' is not a valid JSX element type.
    Type 'typeof View' is not assignable to type 'new (props: any, context: any) => Component<any, any, any>'.
      Type 'View' is missing the following properties from type 'Component<any, any, any>': context, setState, forceUpdate, render, and 2 more.
src/app/issue/[id].tsx(204,9): error TS2607: JSX element class does not support attributes because it does not have a 'props' property.
src/app/issue/[id].tsx(204,10): error TS2786: 'View' cannot be used as a JSX component.
  Its type 'typeof View' is not a valid JSX element type.
    Type 'typeof View' is not assignable to type 'new (props: any, context: any) => Component<any, any, any>'.
      Type 'View' is missing the following properties from type 'Component<any, any, any>': context, setState, forceUpdate, render, and 2 more.
src/app/issue/[id].tsx(208,13): error TS2607: JSX element class does not support attributes because it does not have a 'props' property.
src/app/issue/[id].tsx(208,14): error TS2786: 'View' cannot be used as a JSX component.
  Its type 'typeof View' is not a valid JSX element type.
    Type 'typeof View' is not assignable to type 'new (props: any, context: any) => Component<any, any, any>'.
      Type 'View' is missing the following properties from type 'Component<any, any, any>': context, setState, forceUpdate, render, and 2 more.
src/app/issue/[id].tsx(209,15): error TS2607: JSX element class does not support attributes because it does not have a 'props' property.
src/app/issue/[id].tsx(209,16): error TS2786: 'Text' cannot be used as a JSX component.
  Its type 'typeof Text' is not a valid JSX element type.
    Type 'typeof Text' is not assignable to type 'new (props: any, context: any) => Component<any, any, any>'.
      Type 'Text' is missing the following properties from type 'Component<any, any, any>': context, setState, forceUpdate, render, and 2 more.
src/app/issue/[id].tsx(214,11): error TS2607: JSX element class does not support attributes because it does not have a 'props' property.
src/app/issue/[id].tsx(214,12): error TS2786: 'View' cannot be used as a JSX component.
  Its type 'typeof View' is not a valid JSX element type.
    Type 'typeof View' is not assignable to type 'new (props: any, context: any) => Component<any, any, any>'.
      Type 'View' is missing the following properties from type 'Component<any, any, any>': context, setState, forceUpdate, render, and 2 more.
src/app/issue/[id].tsx(215,13): error TS2607: JSX element class does not support attributes because it does not have a 'props' property.
src/app/issue/[id].tsx(215,14): error TS2786: 'View' cannot be used as a JSX component.
  Its type 'typeof View' is not a valid JSX element type.
    Type 'typeof View' is not assignable to type 'new (props: any, context: any) => Component<any, any, any>'.
      Type 'View' is missing the following properties from type 'Component<any, any, any>': context, setState, forceUpdate, render, and 2 more.
src/app/issue/[id].tsx(216,15): error TS2607: JSX element class does not support attributes because it does not have a 'props' property.
src/app/issue/[id].tsx(216,16): error TS2786: 'Text' cannot be used as a JSX component.
  Its type 'typeof Text' is not a valid JSX element type.
    Type 'typeof Text' is not assignable to type 'new (props: any, context: any) => Component<any, any, any>'.
      Type 'Text' is missing the following properties from type 'Component<any, any, any>': context, setState, forceUpdate, render, and 2 more.
src/app/issue/[id].tsx(218,17): error TS2607: JSX element class does not support attributes because it does not have a 'props' property.
src/app/issue/[id].tsx(218,18): error TS2786: 'View' cannot be used as a JSX component.
  Its type 'typeof View' is not a valid JSX element type.
    Type 'typeof View' is not assignable to type 'new (props: any, context: any) => Component<any, any, any>'.
      Type 'View' is missing the following properties from type 'Component<any, any, any>': context, setState, forceUpdate, render, and 2 more.
src/app/issue/[id].tsx(220,19): error TS2607: JSX element class does not support attributes because it does not have a 'props' property.
src/app/issue/[id].tsx(220,20): error TS2786: 'Text' cannot be used as a JSX component.
  Its type 'typeof Text' is not a valid JSX element type.
    Type 'typeof Text' is not assignable to type 'new (props: any, context: any) => Component<any, any, any>'.
      Type 'Text' is missing the following properties from type 'Component<any, any, any>': context, setState, forceUpdate, render, and 2 more.
src/app/issue/[id].tsx(224,13): error TS2607: JSX element class does not support attributes because it does not have a 'props' property.
src/app/issue/[id].tsx(224,14): error TS2786: 'View' cannot be used as a JSX component.
  Its type 'typeof View' is not a valid JSX element type.
    Type 'typeof View' is not assignable to type 'new (props: any, context: any) => Component<any, any, any>'.
      Type 'View' is missing the following properties from type 'Component<any, any, any>': context, setState, forceUpdate, render, and 2 more.
src/app/issue/[id].tsx(225,15): error TS2607: JSX element class does not support attributes because it does not have a 'props' property.
src/app/issue/[id].tsx(225,16): error TS2786: 'Text' cannot be used as a JSX component.
  Its type 'typeof Text' is not a valid JSX element type.
    Type 'typeof Text' is not assignable to type 'new (props: any, context: any) => Component<any, any, any>'.
      Type 'Text' is missing the following properties from type 'Component<any, any, any>': context, setState, forceUpdate, render, and 2 more.
src/app/issue/[id].tsx(227,13): error TS2607: JSX element class does not support attributes because it does not have a 'props' property.
src/app/issue/[id].tsx(227,14): error TS2786: 'Text' cannot be used as a JSX component.
  Its type 'typeof Text' is not a valid JSX element type.
    Type 'typeof Text' is not assignable to type 'new (props: any, context: any) => Component<any, any, any>'.
      Type 'Text' is missing the following properties from type 'Component<any, any, any>': context, setState, forceUpdate, render, and 2 more.
src/app/issue/[id].tsx(239,9): error TS2607: JSX element class does not support attributes because it does not have a 'props' property.
src/app/issue/[id].tsx(239,10): error TS2786: 'View' cannot be used as a JSX component.
  Its type 'typeof View' is not a valid JSX element type.
    Type 'typeof View' is not assignable to type 'new (props: any, context: any) => Component<any, any, any>'.
      Type 'View' is missing the following properties from type 'Component<any, any, any>': context, setState, forceUpdate, render, and 2 more.
src/app/issue/[id].tsx(241,9): error TS2607: JSX element class does not support attributes because it does not have a 'props' property.
src/app/issue/[id].tsx(241,10): error TS2786: 'View' cannot be used as a JSX component.
  Its type 'typeof View' is not a valid JSX element type.
    Type 'typeof View' is not assignable to type 'new (props: any, context: any) => Component<any, any, any>'.
      Type 'View' is missing the following properties from type 'Component<any, any, any>': context, setState, forceUpdate, render, and 2 more.
src/app/issue/[id].tsx(247,5): error TS2607: JSX element class does not support attributes because it does not have a 'props' property.
src/app/issue/[id].tsx(247,6): error TS2786: 'KeyboardAvoidingView' cannot be used as a JSX component.
  Its type 'typeof KeyboardAvoidingView' is not a valid JSX element type.
    Type 'typeof KeyboardAvoidingView' is not assignable to type 'new (props: any, context: any) => Component<any, any, any>'.
      Type 'KeyboardAvoidingView' is missing the following properties from type 'Component<any, any, any>': context, setState, forceUpdate, render, and 2 more.
src/app/issue/[id].tsx(253,7): error TS2607: JSX element class does not support attributes because it does not have a 'props' property.
src/app/issue/[id].tsx(253,8): error TS2786: 'View' cannot be used as a JSX component.
  Its type 'typeof View' is not a valid JSX element type.
    Type 'typeof View' is not assignable to type 'new (props: any, context: any) => Component<any, any, any>'.
      Type 'View' is missing the following properties from type 'Component<any, any, any>': context, setState, forceUpdate, render, and 2 more.
src/app/issue/[id].tsx(257,9): error TS2607: JSX element class does not support attributes because it does not have a 'props' property.
src/app/issue/[id].tsx(257,10): error TS2786: 'Text' cannot be used as a JSX component.
  Its type 'typeof Text' is not a valid JSX element type.
    Type 'typeof Text' is not assignable to type 'new (props: any, context: any) => Component<any, any, any>'.
      Type 'Text' is missing the following properties from type 'Component<any, any, any>': context, setState, forceUpdate, render, and 2 more.
src/app/issue/[id].tsx(258,9): error TS2607: JSX element class does not support attributes because it does not have a 'props' property.
src/app/issue/[id].tsx(258,10): error TS2786: 'View' cannot be used as a JSX component.
  Its type 'typeof View' is not a valid JSX element type.
    Type 'typeof View' is not assignable to type 'new (props: any, context: any) => Component<any, any, any>'.
      Type 'View' is missing the following properties from type 'Component<any, any, any>': context, setState, forceUpdate, render, and 2 more.
src/app/issue/[id].tsx(269,11): error TS2607: JSX element class does not support attributes because it does not have a 'props' property.
src/app/issue/[id].tsx(269,12): error TS2786: 'View' cannot be used as a JSX component.
  Its type 'typeof View' is not a valid JSX element type.
    Type 'typeof View' is not assignable to type 'new (props: any, context: any) => Component<any, any, any>'.
      Type 'View' is missing the following properties from type 'Component<any, any, any>': context, setState, forceUpdate, render, and 2 more.
src/app/issue/[id].tsx(271,13): error TS2607: JSX element class does not support attributes because it does not have a 'props' property.
src/app/issue/[id].tsx(271,14): error TS2786: 'Text' cannot be used as a JSX component.
  Its type 'typeof Text' is not a valid JSX element type.
    Type 'typeof Text' is not assignable to type 'new (props: any, context: any) => Component<any, any, any>'.
      Type 'Text' is missing the following properties from type 'Component<any, any, any>': context, setState, forceUpdate, render, and 2 more.
src/app/issue/[id].tsx(278,9): error TS2607: JSX element class does not support attributes because it does not have a 'props' property.
src/app/issue/[id].tsx(278,10): error TS2786: 'View' cannot be used as a JSX component.
  Its type 'typeof View' is not a valid JSX element type.
    Type 'typeof View' is not assignable to type 'new (props: any, context: any) => Component<any, any, any>'.
      Type 'View' is missing the following properties from type 'Component<any, any, any>': context, setState, forceUpdate, render, and 2 more.
src/app/issue/[id].tsx(279,11): error TS2607: JSX element class does not support attributes because it does not have a 'props' property.
src/app/issue/[id].tsx(279,12): error TS2786: 'View' cannot be used as a JSX component.
  Its type 'typeof View' is not a valid JSX element type.
    Type 'typeof View' is not assignable to type 'new (props: any, context: any) => Component<any, any, any>'.
      Type 'View' is missing the following properties from type 'Component<any, any, any>': context, setState, forceUpdate, render, and 2 more.
src/app/issue/[id].tsx(280,13): error TS2607: JSX element class does not support attributes because it does not have a 'props' property.
src/app/issue/[id].tsx(280,14): error TS2786: 'TextInput' cannot be used as a JSX component.
  Its type 'typeof TextInput' is not a valid JSX element type.
    Type 'typeof TextInput' is not assignable to type 'new (props: any, context: any) => Component<any, any, any>'.
      Type 'TextInput' is missing the following properties from type 'Component<any, any, any>': context, setState, forceUpdate, render, and 2 more.
src/app/issue/[id].tsx(330,9): error TS2607: JSX element class does not support attributes because it does not have a 'props' property.
src/app/issue/[id].tsx(330,10): error TS2786: 'View' cannot be used as a JSX component.
  Its type 'typeof View' is not a valid JSX element type.
    Type 'typeof View' is not assignable to type 'new (props: any, context: any) => Component<any, any, any>'.
      Type 'View' is missing the following properties from type 'Component<any, any, any>': context, setState, forceUpdate, render, and 2 more.
src/app/issue/[id].tsx(332,13): error TS2607: JSX element class does not support attributes because it does not have a 'props' property.
src/app/issue/[id].tsx(332,14): error TS2786: 'View' cannot be used as a JSX component.
  Its type 'typeof View' is not a valid JSX element type.
    Type 'typeof View' is not assignable to type 'new (props: any, context: any) => Component<any, any, any>'.
      Type 'View' is missing the following properties from type 'Component<any, any, any>': context, setState, forceUpdate, render, and 2 more.
src/app/issue/[id].tsx(349,17): error TS2607: JSX element class does not support attributes because it does not have a 'props' property.
src/app/issue/[id].tsx(349,18): error TS2786: 'View' cannot be used as a JSX component.
  Its type 'typeof View' is not a valid JSX element type.
    Type 'typeof View' is not assignable to type 'new (props: any, context: any) => Component<any, any, any>'.
      Type 'View' is missing the following properties from type 'Component<any, any, any>': context, setState, forceUpdate, render, and 2 more.
src/app/login.tsx(87,5): error TS2607: JSX element class does not support attributes because it does not have a 'props' property.
src/app/login.tsx(87,6): error TS2786: 'View' cannot be used as a JSX component.
  Its type 'typeof View' is not a valid JSX element type.
    Type 'typeof View' is not assignable to type 'new (props: any, context: any) => Component<any, any, any>'.
      Type 'View' is missing the following properties from type 'Component<any, any, any>': context, setState, forceUpdate, render, and 2 more.
src/app/login.tsx(89,7): error TS2607: JSX element class does not support attributes because it does not have a 'props' property.
src/app/login.tsx(89,8): error TS2786: 'View' cannot be used as a JSX component.
  Its type 'typeof View' is not a valid JSX element type.
    Type 'typeof View' is not assignable to type 'new (props: any, context: any) => Component<any, any, any>'.
      Type 'View' is missing the following properties from type 'Component<any, any, any>': context, setState, forceUpdate, render, and 2 more.
src/app/login.tsx(90,9): error TS2607: JSX element class does not support attributes because it does not have a 'props' property.
src/app/login.tsx(90,10): error TS2786: 'View' cannot be used as a JSX component.
  Its type 'typeof View' is not a valid JSX element type.
    Type 'typeof View' is not assignable to type 'new (props: any, context: any) => Component<any, any, any>'.
      Type 'View' is missing the following properties from type 'Component<any, any, any>': context, setState, forceUpdate, render, and 2 more.
src/app/login.tsx(91,9): error TS2607: JSX element class does not support attributes because it does not have a 'props' property.
src/app/login.tsx(91,10): error TS2786: 'View' cannot be used as a JSX component.
  Its type 'typeof View' is not a valid JSX element type.
    Type 'typeof View' is not assignable to type 'new (props: any, context: any) => Component<any, any, any>'.
      Type 'View' is missing the following properties from type 'Component<any, any, any>': context, setState, forceUpdate, render, and 2 more.
src/app/login.tsx(103,7): error TS2607: JSX element class does not support attributes because it does not have a 'props' property.
src/app/login.tsx(103,8): error TS2786: 'KeyboardAvoidingView' cannot be used as a JSX component.
  Its type 'typeof KeyboardAvoidingView' is not a valid JSX element type.
    Type 'typeof KeyboardAvoidingView' is not assignable to type 'new (props: any, context: any) => Component<any, any, any>'.
      Type 'KeyboardAvoidingView' is missing the following properties from type 'Component<any, any, any>': context, setState, forceUpdate, render, and 2 more.
src/app/login.tsx(107,9): error TS2607: JSX element class does not support attributes because it does not have a 'props' property.
src/app/login.tsx(107,10): error TS2786: 'ScrollView' cannot be used as a JSX component.
  Its type 'typeof ScrollView' is not a valid JSX element type.
    Type 'typeof ScrollView' is not assignable to type 'new (props: any, context: any) => Component<any, any, any>'.
      Type 'ScrollView' is missing the following properties from type 'Component<any, any, any>': context, setState, forceUpdate, render, and 2 more.
src/app/login.tsx(112,11): error TS2607: JSX element class does not support attributes because it does not have a 'props' property.
src/app/login.tsx(112,12): error TS2786: 'View' cannot be used as a JSX component.
  Its type 'typeof View' is not a valid JSX element type.
    Type 'typeof View' is not assignable to type 'new (props: any, context: any) => Component<any, any, any>'.
      Type 'View' is missing the following properties from type 'Component<any, any, any>': context, setState, forceUpdate, render, and 2 more.
src/app/login.tsx(113,13): error TS2607: JSX element class does not support attributes because it does not have a 'props' property.
src/app/login.tsx(113,14): error TS2786: 'View' cannot be used as a JSX component.
  Its type 'typeof View' is not a valid JSX element type.
    Type 'typeof View' is not assignable to type 'new (props: any, context: any) => Component<any, any, any>'.
      Type 'View' is missing the following properties from type 'Component<any, any, any>': context, setState, forceUpdate, render, and 2 more.
src/app/login.tsx(116,13): error TS2607: JSX element class does not support attributes because it does not have a 'props' property.
src/app/login.tsx(116,14): error TS2786: 'Text' cannot be used as a JSX component.
  Its type 'typeof Text' is not a valid JSX element type.
    Type 'typeof Text' is not assignable to type 'new (props: any, context: any) => Component<any, any, any>'.
      Type 'Text' is missing the following properties from type 'Component<any, any, any>': context, setState, forceUpdate, render, and 2 more.
src/app/login.tsx(117,13): error TS2607: JSX element class does not support attributes because it does not have a 'props' property.
src/app/login.tsx(117,14): error TS2786: 'Text' cannot be used as a JSX component.
  Its type 'typeof Text' is not a valid JSX element type.
    Type 'typeof Text' is not assignable to type 'new (props: any, context: any) => Component<any, any, any>'.
      Type 'Text' is missing the following properties from type 'Component<any, any, any>': context, setState, forceUpdate, render, and 2 more.
src/app/login.tsx(121,11): error TS2607: JSX element class does not support attributes because it does not have a 'props' property.
src/app/login.tsx(121,12): error TS2786: 'View' cannot be used as a JSX component.
  Its type 'typeof View' is not a valid JSX element type.
    Type 'typeof View' is not assignable to type 'new (props: any, context: any) => Component<any, any, any>'.
      Type 'View' is missing the following properties from type 'Component<any, any, any>': context, setState, forceUpdate, render, and 2 more.
src/app/login.tsx(124,13): error TS2607: JSX element class does not support attributes because it does not have a 'props' property.
src/app/login.tsx(124,14): error TS2786: 'View' cannot be used as a JSX component.
  Its type 'typeof View' is not a valid JSX element type.
    Type 'typeof View' is not assignable to type 'new (props: any, context: any) => Component<any, any, any>'.
      Type 'View' is missing the following properties from type 'Component<any, any, any>': context, setState, forceUpdate, render, and 2 more.
src/app/login.tsx(129,17): error TS2607: JSX element class does not support attributes because it does not have a 'props' property.
src/app/login.tsx(129,18): error TS2786: 'Text' cannot be used as a JSX component.
  Its type 'typeof Text' is not a valid JSX element type.
    Type 'typeof Text' is not assignable to type 'new (props: any, context: any) => Component<any, any, any>'.
      Type 'Text' is missing the following properties from type 'Component<any, any, any>': context, setState, forceUpdate, render, and 2 more.
src/app/login.tsx(139,17): error TS2607: JSX element class does not support attributes because it does not have a 'props' property.
src/app/login.tsx(139,18): error TS2786: 'Text' cannot be used as a JSX component.
  Its type 'typeof Text' is not a valid JSX element type.
    Type 'typeof Text' is not assignable to type 'new (props: any, context: any) => Component<any, any, any>'.
      Type 'Text' is missing the following properties from type 'Component<any, any, any>': context, setState, forceUpdate, render, and 2 more.
src/app/login.tsx(144,13): error TS2607: JSX element class does not support attributes because it does not have a 'props' property.
src/app/login.tsx(144,14): error TS2786: 'View' cannot be used as a JSX component.
  Its type 'typeof View' is not a valid JSX element type.
    Type 'typeof View' is not assignable to type 'new (props: any, context: any) => Component<any, any, any>'.
      Type 'View' is missing the following properties from type 'Component<any, any, any>': context, setState, forceUpdate, render, and 2 more.
src/app/login.tsx(146,18): error TS2786: 'View' cannot be used as a JSX component.
  Its type 'typeof View' is not a valid JSX element type.
    Type 'typeof View' is not assignable to type 'new (props: any, context: any) => Component<any, any, any>'.
      Type 'View' is missing the following properties from type 'Component<any, any, any>': context, setState, forceUpdate, render, and 2 more.
src/app/login.tsx(147,19): error TS2607: JSX element class does not support attributes because it does not have a 'props' property.
src/app/login.tsx(147,20): error TS2786: 'Text' cannot be used as a JSX component.
  Its type 'typeof Text' is not a valid JSX element type.
    Type 'typeof Text' is not assignable to type 'new (props: any, context: any) => Component<any, any, any>'.
      Type 'Text' is missing the following properties from type 'Component<any, any, any>': context, setState, forceUpdate, render, and 2 more.
src/app/login.tsx(148,19): error TS2607: JSX element class does not support attributes because it does not have a 'props' property.
src/app/login.tsx(148,20): error TS2786: 'View' cannot be used as a JSX component.
  Its type 'typeof View' is not a valid JSX element type.
    Type 'typeof View' is not assignable to type 'new (props: any, context: any) => Component<any, any, any>'.
      Type 'View' is missing the following properties from type 'Component<any, any, any>': context, setState, forceUpdate, render, and 2 more.
src/app/login.tsx(150,21): error TS2607: JSX element class does not support attributes because it does not have a 'props' property.
src/app/login.tsx(150,22): error TS2786: 'TextInput' cannot be used as a JSX component.
  Its type 'typeof TextInput' is not a valid JSX element type.
    Type 'typeof TextInput' is not assignable to type 'new (props: any, context: any) => Component<any, any, any>'.
      Type 'TextInput' is missing the following properties from type 'Component<any, any, any>': context, setState, forceUpdate, render, and 2 more.
src/app/login.tsx(162,16): error TS2786: 'View' cannot be used as a JSX component.
  Its type 'typeof View' is not a valid JSX element type.
    Type 'typeof View' is not assignable to type 'new (props: any, context: any) => Component<any, any, any>'.
      Type 'View' is missing the following properties from type 'Component<any, any, any>': context, setState, forceUpdate, render, and 2 more.
src/app/login.tsx(163,17): error TS2607: JSX element class does not support attributes because it does not have a 'props' property.
src/app/login.tsx(163,18): error TS2786: 'Text' cannot be used as a JSX component.
  Its type 'typeof Text' is not a valid JSX element type.
    Type 'typeof Text' is not assignable to type 'new (props: any, context: any) => Component<any, any, any>'.
      Type 'Text' is missing the following properties from type 'Component<any, any, any>': context, setState, forceUpdate, render, and 2 more.
src/app/login.tsx(164,17): error TS2607: JSX element class does not support attributes because it does not have a 'props' property.
src/app/login.tsx(164,18): error TS2786: 'View' cannot be used as a JSX component.
  Its type 'typeof View' is not a valid JSX element type.
    Type 'typeof View' is not assignable to type 'new (props: any, context: any) => Component<any, any, any>'.
      Type 'View' is missing the following properties from type 'Component<any, any, any>': context, setState, forceUpdate, render, and 2 more.
src/app/login.tsx(166,19): error TS2607: JSX element class does not support attributes because it does not have a 'props' property.
src/app/login.tsx(166,20): error TS2786: 'TextInput' cannot be used as a JSX component.
  Its type 'typeof TextInput' is not a valid JSX element type.
    Type 'typeof TextInput' is not assignable to type 'new (props: any, context: any) => Component<any, any, any>'.
      Type 'TextInput' is missing the following properties from type 'Component<any, any, any>': context, setState, forceUpdate, render, and 2 more.
src/app/login.tsx(179,16): error TS2786: 'View' cannot be used as a JSX component.
  Its type 'typeof View' is not a valid JSX element type.
    Type 'typeof View' is not assignable to type 'new (props: any, context: any) => Component<any, any, any>'.
      Type 'View' is missing the following properties from type 'Component<any, any, any>': context, setState, forceUpdate, render, and 2 more.
src/app/login.tsx(180,17): error TS2607: JSX element class does not support attributes because it does not have a 'props' property.
src/app/login.tsx(180,18): error TS2786: 'Text' cannot be used as a JSX component.
  Its type 'typeof Text' is not a valid JSX element type.
    Type 'typeof Text' is not assignable to type 'new (props: any, context: any) => Component<any, any, any>'.
      Type 'Text' is missing the following properties from type 'Component<any, any, any>': context, setState, forceUpdate, render, and 2 more.
src/app/login.tsx(181,17): error TS2607: JSX element class does not support attributes because it does not have a 'props' property.
src/app/login.tsx(181,18): error TS2786: 'View' cannot be used as a JSX component.
  Its type 'typeof View' is not a valid JSX element type.
    Type 'typeof View' is not assignable to type 'new (props: any, context: any) => Component<any, any, any>'.
      Type 'View' is missing the following properties from type 'Component<any, any, any>': context, setState, forceUpdate, render, and 2 more.
src/app/login.tsx(183,19): error TS2607: JSX element class does not support attributes because it does not have a 'props' property.
src/app/login.tsx(183,20): error TS2786: 'TextInput' cannot be used as a JSX component.
  Its type 'typeof TextInput' is not a valid JSX element type.
    Type 'typeof TextInput' is not assignable to type 'new (props: any, context: any) => Component<any, any, any>'.
      Type 'TextInput' is missing the following properties from type 'Component<any, any, any>': context, setState, forceUpdate, render, and 2 more.
src/app/login.tsx(209,17): error TS2607: JSX element class does not support attributes because it does not have a 'props' property.
src/app/login.tsx(209,18): error TS2786: 'ActivityIndicator' cannot be used as a JSX component.
  Its type 'typeof ActivityIndicator' is not a valid JSX element type.
    Type 'typeof ActivityIndicator' is not assignable to type 'new (props: any, context: any) => Component<any, any, any>'.
      Type 'ActivityIndicator' is missing the following properties from type 'Component<any, any, any>': context, setState, forceUpdate, render, and 2 more.
src/app/login.tsx(211,17): error TS2607: JSX element class does not support attributes because it does not have a 'props' property.
src/app/login.tsx(211,18): error TS2786: 'Text' cannot be used as a JSX component.
  Its type 'typeof Text' is not a valid JSX element type.
    Type 'typeof Text' is not assignable to type 'new (props: any, context: any) => Component<any, any, any>'.
      Type 'Text' is missing the following properties from type 'Component<any, any, any>': context, setState, forceUpdate, render, and 2 more.
src/app/login.tsx(224,13): error TS2607: JSX element class does not support attributes because it does not have a 'props' property.
src/app/login.tsx(224,14): error TS2786: 'View' cannot be used as a JSX component.
  Its type 'typeof View' is not a valid JSX element type.
    Type 'typeof View' is not assignable to type 'new (props: any, context: any) => Component<any, any, any>'.
      Type 'View' is missing the following properties from type 'Component<any, any, any>': context, setState, forceUpdate, render, and 2 more.
src/app/login.tsx(225,15): error TS2607: JSX element class does not support attributes because it does not have a 'props' property.
src/app/login.tsx(225,16): error TS2786: 'Text' cannot be used as a JSX component.
  Its type 'typeof Text' is not a valid JSX element type.
    Type 'typeof Text' is not assignable to type 'new (props: any, context: any) => Component<any, any, any>'.
      Type 'Text' is missing the following properties from type 'Component<any, any, any>': context, setState, forceUpdate, render, and 2 more.
src/app/login.tsx(229,17): error TS2607: JSX element class does not support attributes because it does not have a 'props' property.
src/app/login.tsx(229,18): error TS2786: 'Text' cannot be used as a JSX component.
  Its type 'typeof Text' is not a valid JSX element type.
    Type 'typeof Text' is not assignable to type 'new (props: any, context: any) => Component<any, any, any>'.
      Type 'Text' is missing the following properties from type 'Component<any, any, any>': context, setState, forceUpdate, render, and 2 more.
src/app/notifications.tsx(132,9): error TS2607: JSX element class does not support attributes because it does not have a 'props' property.
src/app/notifications.tsx(132,10): error TS2786: 'View' cannot be used as a JSX component.
  Its type 'typeof View' is not a valid JSX element type.
    Type 'typeof View' is not assignable to type 'new (props: any, context: any) => Component<any, any, any>'.
      Type 'View' is missing the following properties from type 'Component<any, any, any>': context, setState, forceUpdate, render, and 2 more.
src/app/notifications.tsx(134,7): error TS2607: JSX element class does not support attributes because it does not have a 'props' property.
src/app/notifications.tsx(134,8): error TS2786: 'View' cannot be used as a JSX component.
  Its type 'typeof View' is not a valid JSX element type.
    Type 'typeof View' is not assignable to type 'new (props: any, context: any) => Component<any, any, any>'.
      Type 'View' is missing the following properties from type 'Component<any, any, any>': context, setState, forceUpdate, render, and 2 more.
src/app/notifications.tsx(137,7): error TS2607: JSX element class does not support attributes because it does not have a 'props' property.
src/app/notifications.tsx(137,8): error TS2786: 'View' cannot be used as a JSX component.
  Its type 'typeof View' is not a valid JSX element type.
    Type 'typeof View' is not assignable to type 'new (props: any, context: any) => Component<any, any, any>'.
      Type 'View' is missing the following properties from type 'Component<any, any, any>': context, setState, forceUpdate, render, and 2 more.
src/app/notifications.tsx(138,9): error TS2607: JSX element class does not support attributes because it does not have a 'props' property.
src/app/notifications.tsx(138,10): error TS2786: 'View' cannot be used as a JSX component.
  Its type 'typeof View' is not a valid JSX element type.
    Type 'typeof View' is not assignable to type 'new (props: any, context: any) => Component<any, any, any>'.
      Type 'View' is missing the following properties from type 'Component<any, any, any>': context, setState, forceUpdate, render, and 2 more.
src/app/notifications.tsx(139,11): error TS2607: JSX element class does not support attributes because it does not have a 'props' property.
src/app/notifications.tsx(139,12): error TS2786: 'Text' cannot be used as a JSX component.
  Its type 'typeof Text' is not a valid JSX element type.
    Type 'typeof Text' is not assignable to type 'new (props: any, context: any) => Component<any, any, any>'.
      Type 'Text' is missing the following properties from type 'Component<any, any, any>': context, setState, forceUpdate, render, and 2 more.
src/app/notifications.tsx(142,11): error TS2607: JSX element class does not support attributes because it does not have a 'props' property.
src/app/notifications.tsx(142,12): error TS2786: 'Text' cannot be used as a JSX component.
  Its type 'typeof Text' is not a valid JSX element type.
    Type 'typeof Text' is not assignable to type 'new (props: any, context: any) => Component<any, any, any>'.
      Type 'Text' is missing the following properties from type 'Component<any, any, any>': context, setState, forceUpdate, render, and 2 more.
src/app/notifications.tsx(144,9): error TS2607: JSX element class does not support attributes because it does not have a 'props' property.
src/app/notifications.tsx(144,10): error TS2786: 'Text' cannot be used as a JSX component.
  Its type 'typeof Text' is not a valid JSX element type.
    Type 'typeof Text' is not assignable to type 'new (props: any, context: any) => Component<any, any, any>'.
      Type 'Text' is missing the following properties from type 'Component<any, any, any>': context, setState, forceUpdate, render, and 2 more.
src/app/notifications.tsx(153,7): error TS2607: JSX element class does not support attributes because it does not have a 'props' property.
src/app/notifications.tsx(153,8): error TS2786: 'View' cannot be used as a JSX component.
  Its type 'typeof View' is not a valid JSX element type.
    Type 'typeof View' is not assignable to type 'new (props: any, context: any) => Component<any, any, any>'.
      Type 'View' is missing the following properties from type 'Component<any, any, any>': context, setState, forceUpdate, render, and 2 more.
src/app/notifications.tsx(157,9): error TS2607: JSX element class does not support attributes because it does not have a 'props' property.
src/app/notifications.tsx(157,10): error TS2786: 'Text' cannot be used as a JSX component.
  Its type 'typeof Text' is not a valid JSX element type.
    Type 'typeof Text' is not assignable to type 'new (props: any, context: any) => Component<any, any, any>'.
      Type 'Text' is missing the following properties from type 'Component<any, any, any>': context, setState, forceUpdate, render, and 2 more.
src/app/notifications.tsx(158,9): error TS2607: JSX element class does not support attributes because it does not have a 'props' property.
src/app/notifications.tsx(158,10): error TS2786: 'View' cannot be used as a JSX component.
  Its type 'typeof View' is not a valid JSX element type.
    Type 'typeof View' is not assignable to type 'new (props: any, context: any) => Component<any, any, any>'.
      Type 'View' is missing the following properties from type 'Component<any, any, any>': context, setState, forceUpdate, render, and 2 more.
src/app/notifications.tsx(162,9): error TS2607: JSX element class does not support attributes because it does not have a 'props' property.
src/app/notifications.tsx(162,10): error TS2786: 'View' cannot be used as a JSX component.
  Its type 'typeof View' is not a valid JSX element type.
    Type 'typeof View' is not assignable to type 'new (props: any, context: any) => Component<any, any, any>'.
      Type 'View' is missing the following properties from type 'Component<any, any, any>': context, setState, forceUpdate, render, and 2 more.
src/app/notifications.tsx(163,11): error TS2607: JSX element class does not support attributes because it does not have a 'props' property.
src/app/notifications.tsx(163,12): error TS2786: 'View' cannot be used as a JSX component.
  Its type 'typeof View' is not a valid JSX element type.
    Type 'typeof View' is not assignable to type 'new (props: any, context: any) => Component<any, any, any>'.
      Type 'View' is missing the following properties from type 'Component<any, any, any>': context, setState, forceUpdate, render, and 2 more.
src/app/notifications.tsx(166,11): error TS2607: JSX element class does not support attributes because it does not have a 'props' property.
src/app/notifications.tsx(166,12): error TS2786: 'Text' cannot be used as a JSX component.
  Its type 'typeof Text' is not a valid JSX element type.
    Type 'typeof Text' is not assignable to type 'new (props: any, context: any) => Component<any, any, any>'.
      Type 'Text' is missing the following properties from type 'Component<any, any, any>': context, setState, forceUpdate, render, and 2 more.
src/app/notifications.tsx(167,11): error TS2607: JSX element class does not support attributes because it does not have a 'props' property.
src/app/notifications.tsx(167,12): error TS2786: 'Text' cannot be used as a JSX component.
  Its type 'typeof Text' is not a valid JSX element type.
    Type 'typeof Text' is not assignable to type 'new (props: any, context: any) => Component<any, any, any>'.
      Type 'Text' is missing the following properties from type 'Component<any, any, any>': context, setState, forceUpdate, render, and 2 more.
src/app/notifications.tsx(169,13): error TS2607: JSX element class does not support attributes because it does not have a 'props' property.
src/app/notifications.tsx(169,14): error TS2786: 'Text' cannot be used as a JSX component.
  Its type 'typeof Text' is not a valid JSX element type.
    Type 'typeof Text' is not assignable to type 'new (props: any, context: any) => Component<any, any, any>'.
      Type 'Text' is missing the following properties from type 'Component<any, any, any>': context, setState, forceUpdate, render, and 2 more.
src/app/notifications.tsx(177,27): error TS2607: JSX element class does not support attributes because it does not have a 'props' property.
src/app/notifications.tsx(177,28): error TS2786: 'RefreshControl' cannot be used as a JSX component.
  Its type 'typeof RefreshControl' is not a valid JSX element type.
    Type 'typeof RefreshControl' is not assignable to type 'new (props: any, context: any) => Component<any, any, any>'.
      Type 'RefreshControl' is missing the following properties from type 'Component<any, any, any>': context, setState, forceUpdate, render, and 2 more.
src/app/notifications.tsx(182,15): error TS2607: JSX element class does not support attributes because it does not have a 'props' property.
src/app/notifications.tsx(182,16): error TS2786: 'View' cannot be used as a JSX component.
  Its type 'typeof View' is not a valid JSX element type.
    Type 'typeof View' is not assignable to type 'new (props: any, context: any) => Component<any, any, any>'.
      Type 'View' is missing the following properties from type 'Component<any, any, any>': context, setState, forceUpdate, render, and 2 more.
src/app/notifications.tsx(183,17): error TS2607: JSX element class does not support attributes because it does not have a 'props' property.
src/app/notifications.tsx(183,18): error TS2786: 'ActivityIndicator' cannot be used as a JSX component.
  Its type 'typeof ActivityIndicator' is not a valid JSX element type.
    Type 'typeof ActivityIndicator' is not assignable to type 'new (props: any, context: any) => Component<any, any, any>'.
      Type 'ActivityIndicator' is missing the following properties from type 'Component<any, any, any>': context, setState, forceUpdate, render, and 2 more.
src/app/notifications.tsx(186,15): error TS2607: JSX element class does not support attributes because it does not have a 'props' property.
src/app/notifications.tsx(186,16): error TS2786: 'View' cannot be used as a JSX component.
  Its type 'typeof View' is not a valid JSX element type.
    Type 'typeof View' is not assignable to type 'new (props: any, context: any) => Component<any, any, any>'.
      Type 'View' is missing the following properties from type 'Component<any, any, any>': context, setState, forceUpdate, render, and 2 more.
src/app/notifications.tsx(187,17): error TS2607: JSX element class does not support attributes because it does not have a 'props' property.
src/app/notifications.tsx(187,18): error TS2786: 'View' cannot be used as a JSX component.
  Its type 'typeof View' is not a valid JSX element type.
    Type 'typeof View' is not assignable to type 'new (props: any, context: any) => Component<any, any, any>'.
      Type 'View' is missing the following properties from type 'Component<any, any, any>': context, setState, forceUpdate, render, and 2 more.
src/app/notifications.tsx(190,17): error TS2607: JSX element class does not support attributes because it does not have a 'props' property.
src/app/notifications.tsx(190,18): error TS2786: 'Text' cannot be used as a JSX component.
  Its type 'typeof Text' is not a valid JSX element type.
    Type 'typeof Text' is not assignable to type 'new (props: any, context: any) => Component<any, any, any>'.
      Type 'Text' is missing the following properties from type 'Component<any, any, any>': context, setState, forceUpdate, render, and 2 more.
src/app/notifications.tsx(191,17): error TS2607: JSX element class does not support attributes because it does not have a 'props' property.
src/app/notifications.tsx(191,18): error TS2786: 'Text' cannot be used as a JSX component.
  Its type 'typeof Text' is not a valid JSX element type.
    Type 'typeof Text' is not assignable to type 'new (props: any, context: any) => Component<any, any, any>'.
      Type 'Text' is missing the following properties from type 'Component<any, any, any>': context, setState, forceUpdate, render, and 2 more.
src/app/publish-notice.tsx(74,7): error TS2607: JSX element class does not support attributes because it does not have a 'props' property.
src/app/publish-notice.tsx(74,8): error TS2786: 'View' cannot be used as a JSX component.
  Its type 'typeof View' is not a valid JSX element type.
    Type 'typeof View' is not assignable to type 'new (props: any, context: any) => Component<any, any, any>'.
      Type 'View' is missing the following properties from type 'Component<any, any, any>': context, setState, forceUpdate, render, and 2 more.
src/app/publish-notice.tsx(78,9): error TS2607: JSX element class does not support attributes because it does not have a 'props' property.
src/app/publish-notice.tsx(78,10): error TS2786: 'Text' cannot be used as a JSX component.
  Its type 'typeof Text' is not a valid JSX element type.
    Type 'typeof Text' is not assignable to type 'new (props: any, context: any) => Component<any, any, any>'.
      Type 'Text' is missing the following properties from type 'Component<any, any, any>': context, setState, forceUpdate, render, and 2 more.
src/app/publish-notice.tsx(89,13): error TS2607: JSX element class does not support attributes because it does not have a 'props' property.
src/app/publish-notice.tsx(89,14): error TS2786: 'ActivityIndicator' cannot be used as a JSX component.
  Its type 'typeof ActivityIndicator' is not a valid JSX element type.
    Type 'typeof ActivityIndicator' is not assignable to type 'new (props: any, context: any) => Component<any, any, any>'.
      Type 'ActivityIndicator' is missing the following properties from type 'Component<any, any, any>': context, setState, forceUpdate, render, and 2 more.
src/app/publish-notice.tsx(91,13): error TS2607: JSX element class does not support attributes because it does not have a 'props' property.
src/app/publish-notice.tsx(91,14): error TS2786: 'Text' cannot be used as a JSX component.
  Its type 'typeof Text' is not a valid JSX element type.
    Type 'typeof Text' is not assignable to type 'new (props: any, context: any) => Component<any, any, any>'.
      Type 'Text' is missing the following properties from type 'Component<any, any, any>': context, setState, forceUpdate, render, and 2 more.
src/app/publish-notice.tsx(100,7): error TS2607: JSX element class does not support attributes because it does not have a 'props' property.
src/app/publish-notice.tsx(100,8): error TS2786: 'KeyboardAvoidingView' cannot be used as a JSX component.
  Its type 'typeof KeyboardAvoidingView' is not a valid JSX element type.
    Type 'typeof KeyboardAvoidingView' is not assignable to type 'new (props: any, context: any) => Component<any, any, any>'.
      Type 'KeyboardAvoidingView' is missing the following properties from type 'Component<any, any, any>': context, setState, forceUpdate, render, and 2 more.
src/app/publish-notice.tsx(101,9): error TS2607: JSX element class does not support attributes because it does not have a 'props' property.
src/app/publish-notice.tsx(101,10): error TS2786: 'ScrollView' cannot be used as a JSX component.
  Its type 'typeof ScrollView' is not a valid JSX element type.
    Type 'typeof ScrollView' is not assignable to type 'new (props: any, context: any) => Component<any, any, any>'.
      Type 'ScrollView' is missing the following properties from type 'Component<any, any, any>': context, setState, forceUpdate, render, and 2 more.
src/app/publish-notice.tsx(103,11): error TS2607: JSX element class does not support attributes because it does not have a 'props' property.
src/app/publish-notice.tsx(103,12): error TS2786: 'Text' cannot be used as a JSX component.
  Its type 'typeof Text' is not a valid JSX element type.
    Type 'typeof Text' is not assignable to type 'new (props: any, context: any) => Component<any, any, any>'.
      Type 'Text' is missing the following properties from type 'Component<any, any, any>': context, setState, forceUpdate, render, and 2 more.
src/app/publish-notice.tsx(104,11): error TS2607: JSX element class does not support attributes because it does not have a 'props' property.
src/app/publish-notice.tsx(104,12): error TS2786: 'ScrollView' cannot be used as a JSX component.
  Its type 'typeof ScrollView' is not a valid JSX element type.
    Type 'typeof ScrollView' is not assignable to type 'new (props: any, context: any) => Component<any, any, any>'.
      Type 'ScrollView' is missing the following properties from type 'Component<any, any, any>': context, setState, forceUpdate, render, and 2 more.
src/app/publish-notice.tsx(105,13): error TS2607: JSX element class does not support attributes because it does not have a 'props' property.
src/app/publish-notice.tsx(105,14): error TS2786: 'View' cannot be used as a JSX component.
  Its type 'typeof View' is not a valid JSX element type.
    Type 'typeof View' is not assignable to type 'new (props: any, context: any) => Component<any, any, any>'.
      Type 'View' is missing the following properties from type 'Component<any, any, any>': context, setState, forceUpdate, render, and 2 more.
src/app/publish-notice.tsx(118,21): error TS2607: JSX element class does not support attributes because it does not have a 'props' property.
src/app/publish-notice.tsx(118,22): error TS2786: 'Text' cannot be used as a JSX component.
  Its type 'typeof Text' is not a valid JSX element type.
    Type 'typeof Text' is not assignable to type 'new (props: any, context: any) => Component<any, any, any>'.
      Type 'Text' is missing the following properties from type 'Component<any, any, any>': context, setState, forceUpdate, render, and 2 more.
src/app/publish-notice.tsx(127,11): error TS2607: JSX element class does not support attributes because it does not have a 'props' property.
src/app/publish-notice.tsx(127,12): error TS2786: 'View' cannot be used as a JSX component.
  Its type 'typeof View' is not a valid JSX element type.
    Type 'typeof View' is not assignable to type 'new (props: any, context: any) => Component<any, any, any>'.
      Type 'View' is missing the following properties from type 'Component<any, any, any>': context, setState, forceUpdate, render, and 2 more.
src/app/publish-notice.tsx(128,13): error TS2607: JSX element class does not support attributes because it does not have a 'props' property.
src/app/publish-notice.tsx(128,14): error TS2786: 'Text' cannot be used as a JSX component.
  Its type 'typeof Text' is not a valid JSX element type.
    Type 'typeof Text' is not assignable to type 'new (props: any, context: any) => Component<any, any, any>'.
      Type 'Text' is missing the following properties from type 'Component<any, any, any>': context, setState, forceUpdate, render, and 2 more.
src/app/publish-notice.tsx(129,13): error TS2607: JSX element class does not support attributes because it does not have a 'props' property.
src/app/publish-notice.tsx(129,14): error TS2786: 'TextInput' cannot be used as a JSX component.
  Its type 'typeof TextInput' is not a valid JSX element type.
    Type 'typeof TextInput' is not assignable to type 'new (props: any, context: any) => Component<any, any, any>'.
      Type 'TextInput' is missing the following properties from type 'Component<any, any, any>': context, setState, forceUpdate, render, and 2 more.
src/app/publish-notice.tsx(137,13): error TS2607: JSX element class does not support attributes because it does not have a 'props' property.
src/app/publish-notice.tsx(137,14): error TS2786: 'Text' cannot be used as a JSX component.
  Its type 'typeof Text' is not a valid JSX element type.
    Type 'typeof Text' is not assignable to type 'new (props: any, context: any) => Component<any, any, any>'.
      Type 'Text' is missing the following properties from type 'Component<any, any, any>': context, setState, forceUpdate, render, and 2 more.
src/app/publish-notice.tsx(138,13): error TS2607: JSX element class does not support attributes because it does not have a 'props' property.
src/app/publish-notice.tsx(138,14): error TS2786: 'TextInput' cannot be used as a JSX component.
  Its type 'typeof TextInput' is not a valid JSX element type.
    Type 'typeof TextInput' is not assignable to type 'new (props: any, context: any) => Component<any, any, any>'.
      Type 'TextInput' is missing the following properties from type 'Component<any, any, any>': context, setState, forceUpdate, render, and 2 more.
src/app/publish-notice.tsx(149,11): error TS2607: JSX element class does not support attributes because it does not have a 'props' property.
src/app/publish-notice.tsx(149,12): error TS2786: 'View' cannot be used as a JSX component.
  Its type 'typeof View' is not a valid JSX element type.
    Type 'typeof View' is not assignable to type 'new (props: any, context: any) => Component<any, any, any>'.
      Type 'View' is missing the following properties from type 'Component<any, any, any>': context, setState, forceUpdate, render, and 2 more.
src/app/publish-notice.tsx(150,13): error TS2607: JSX element class does not support attributes because it does not have a 'props' property.
src/app/publish-notice.tsx(150,14): error TS2786: 'View' cannot be used as a JSX component.
  Its type 'typeof View' is not a valid JSX element type.
    Type 'typeof View' is not assignable to type 'new (props: any, context: any) => Component<any, any, any>'.
      Type 'View' is missing the following properties from type 'Component<any, any, any>': context, setState, forceUpdate, render, and 2 more.
src/app/publish-notice.tsx(151,15): error TS2607: JSX element class does not support attributes because it does not have a 'props' property.
src/app/publish-notice.tsx(151,16): error TS2786: 'View' cannot be used as a JSX component.
  Its type 'typeof View' is not a valid JSX element type.
    Type 'typeof View' is not assignable to type 'new (props: any, context: any) => Component<any, any, any>'.
      Type 'View' is missing the following properties from type 'Component<any, any, any>': context, setState, forceUpdate, render, and 2 more.
src/app/publish-notice.tsx(154,15): error TS2607: JSX element class does not support attributes because it does not have a 'props' property.
src/app/publish-notice.tsx(154,16): error TS2786: 'View' cannot be used as a JSX component.
  Its type 'typeof View' is not a valid JSX element type.
    Type 'typeof View' is not assignable to type 'new (props: any, context: any) => Component<any, any, any>'.
      Type 'View' is missing the following properties from type 'Component<any, any, any>': context, setState, forceUpdate, render, and 2 more.
src/app/publish-notice.tsx(155,17): error TS2607: JSX element class does not support attributes because it does not have a 'props' property.
src/app/publish-notice.tsx(155,18): error TS2786: 'Text' cannot be used as a JSX component.
  Its type 'typeof Text' is not a valid JSX element type.
    Type 'typeof Text' is not assignable to type 'new (props: any, context: any) => Component<any, any, any>'.
      Type 'Text' is missing the following properties from type 'Component<any, any, any>': context, setState, forceUpdate, render, and 2 more.
src/app/publish-notice.tsx(156,17): error TS2607: JSX element class does not support attributes because it does not have a 'props' property.
src/app/publish-notice.tsx(156,18): error TS2786: 'Text' cannot be used as a JSX component.
  Its type 'typeof Text' is not a valid JSX element type.
    Type 'typeof Text' is not assignable to type 'new (props: any, context: any) => Component<any, any, any>'.
      Type 'Text' is missing the following properties from type 'Component<any, any, any>': context, setState, forceUpdate, render, and 2 more.
src/app/publish-notice.tsx(159,13): error TS2607: JSX element class does not support attributes because it does not have a 'props' property.
src/app/publish-notice.tsx(159,14): error TS2786: 'Switch' cannot be used as a JSX component.
  Its type 'typeof Switch' is not a valid JSX element type.
    Type 'typeof Switch' is not assignable to type 'new (props: any, context: any) => Component<any, any, any>'.
      Type 'Switch' is missing the following properties from type 'Component<any, any, any>': context, setState, forceUpdate, render, and 2 more.
src/app/report.tsx(157,7): error TS2607: JSX element class does not support attributes because it does not have a 'props' property.
src/app/report.tsx(157,8): error TS2786: 'View' cannot be used as a JSX component.
  Its type 'typeof View' is not a valid JSX element type.
    Type 'typeof View' is not assignable to type 'new (props: any, context: any) => Component<any, any, any>'.
      Type 'View' is missing the following properties from type 'Component<any, any, any>': context, setState, forceUpdate, render, and 2 more.
src/app/report.tsx(167,9): error TS2607: JSX element class does not support attributes because it does not have a 'props' property.
src/app/report.tsx(167,10): error TS2786: 'Text' cannot be used as a JSX component.
  Its type 'typeof Text' is not a valid JSX element type.
    Type 'typeof Text' is not assignable to type 'new (props: any, context: any) => Component<any, any, any>'.
      Type 'Text' is missing the following properties from type 'Component<any, any, any>': context, setState, forceUpdate, render, and 2 more.
src/app/report.tsx(179,13): error TS2607: JSX element class does not support attributes because it does not have a 'props' property.
src/app/report.tsx(179,14): error TS2786: 'ActivityIndicator' cannot be used as a JSX component.
  Its type 'typeof ActivityIndicator' is not a valid JSX element type.
    Type 'typeof ActivityIndicator' is not assignable to type 'new (props: any, context: any) => Component<any, any, any>'.
      Type 'ActivityIndicator' is missing the following properties from type 'Component<any, any, any>': context, setState, forceUpdate, render, and 2 more.
src/app/report.tsx(181,13): error TS2607: JSX element class does not support attributes because it does not have a 'props' property.
src/app/report.tsx(181,14): error TS2786: 'Text' cannot be used as a JSX component.
  Its type 'typeof Text' is not a valid JSX element type.
    Type 'typeof Text' is not assignable to type 'new (props: any, context: any) => Component<any, any, any>'.
      Type 'Text' is missing the following properties from type 'Component<any, any, any>': context, setState, forceUpdate, render, and 2 more.
src/app/report.tsx(190,7): error TS2607: JSX element class does not support attributes because it does not have a 'props' property.
src/app/report.tsx(190,8): error TS2786: 'KeyboardAvoidingView' cannot be used as a JSX component.
  Its type 'typeof KeyboardAvoidingView' is not a valid JSX element type.
    Type 'typeof KeyboardAvoidingView' is not assignable to type 'new (props: any, context: any) => Component<any, any, any>'.
      Type 'KeyboardAvoidingView' is missing the following properties from type 'Component<any, any, any>': context, setState, forceUpdate, render, and 2 more.
src/app/report.tsx(191,9): error TS2607: JSX element class does not support attributes because it does not have a 'props' property.
src/app/report.tsx(191,10): error TS2786: 'ScrollView' cannot be used as a JSX component.
  Its type 'typeof ScrollView' is not a valid JSX element type.
    Type 'typeof ScrollView' is not assignable to type 'new (props: any, context: any) => Component<any, any, any>'.
      Type 'ScrollView' is missing the following properties from type 'Component<any, any, any>': context, setState, forceUpdate, render, and 2 more.
src/app/report.tsx(193,11): error TS2607: JSX element class does not support attributes because it does not have a 'props' property.
src/app/report.tsx(193,12): error TS2786: 'Text' cannot be used as a JSX component.
  Its type 'typeof Text' is not a valid JSX element type.
    Type 'typeof Text' is not assignable to type 'new (props: any, context: any) => Component<any, any, any>'.
      Type 'Text' is missing the following properties from type 'Component<any, any, any>': context, setState, forceUpdate, render, and 2 more.
src/app/report.tsx(194,11): error TS2607: JSX element class does not support attributes because it does not have a 'props' property.
src/app/report.tsx(194,12): error TS2786: 'ScrollView' cannot be used as a JSX component.
  Its type 'typeof ScrollView' is not a valid JSX element type.
    Type 'typeof ScrollView' is not assignable to type 'new (props: any, context: any) => Component<any, any, any>'.
      Type 'ScrollView' is missing the following properties from type 'Component<any, any, any>': context, setState, forceUpdate, render, and 2 more.
src/app/report.tsx(195,13): error TS2607: JSX element class does not support attributes because it does not have a 'props' property.
src/app/report.tsx(195,14): error TS2786: 'View' cannot be used as a JSX component.
  Its type 'typeof View' is not a valid JSX element type.
    Type 'typeof View' is not assignable to type 'new (props: any, context: any) => Component<any, any, any>'.
      Type 'View' is missing the following properties from type 'Component<any, any, any>': context, setState, forceUpdate, render, and 2 more.
src/app/report.tsx(210,21): error TS2607: JSX element class does not support attributes because it does not have a 'props' property.
src/app/report.tsx(210,22): error TS2786: 'Text' cannot be used as a JSX component.
  Its type 'typeof Text' is not a valid JSX element type.
    Type 'typeof Text' is not assignable to type 'new (props: any, context: any) => Component<any, any, any>'.
      Type 'Text' is missing the following properties from type 'Component<any, any, any>': context, setState, forceUpdate, render, and 2 more.
src/app/report.tsx(223,11): error TS2607: JSX element class does not support attributes because it does not have a 'props' property.
src/app/report.tsx(223,12): error TS2786: 'View' cannot be used as a JSX component.
  Its type 'typeof View' is not a valid JSX element type.
    Type 'typeof View' is not assignable to type 'new (props: any, context: any) => Component<any, any, any>'.
      Type 'View' is missing the following properties from type 'Component<any, any, any>': context, setState, forceUpdate, render, and 2 more.
src/app/report.tsx(224,13): error TS2607: JSX element class does not support attributes because it does not have a 'props' property.
src/app/report.tsx(224,14): error TS2786: 'View' cannot be used as a JSX component.
  Its type 'typeof View' is not a valid JSX element type.
    Type 'typeof View' is not assignable to type 'new (props: any, context: any) => Component<any, any, any>'.
      Type 'View' is missing the following properties from type 'Component<any, any, any>': context, setState, forceUpdate, render, and 2 more.
src/app/report.tsx(225,15): error TS2607: JSX element class does not support attributes because it does not have a 'props' property.
src/app/report.tsx(225,16): error TS2786: 'View' cannot be used as a JSX component.
  Its type 'typeof View' is not a valid JSX element type.
    Type 'typeof View' is not assignable to type 'new (props: any, context: any) => Component<any, any, any>'.
      Type 'View' is missing the following properties from type 'Component<any, any, any>': context, setState, forceUpdate, render, and 2 more.
src/app/report.tsx(228,15): error TS2607: JSX element class does not support attributes because it does not have a 'props' property.
src/app/report.tsx(228,16): error TS2786: 'Text' cannot be used as a JSX component.
  Its type 'typeof Text' is not a valid JSX element type.
    Type 'typeof Text' is not assignable to type 'new (props: any, context: any) => Component<any, any, any>'.
      Type 'Text' is missing the following properties from type 'Component<any, any, any>': context, setState, forceUpdate, render, and 2 more.
src/app/report.tsx(229,15): error TS2607: JSX element class does not support attributes because it does not have a 'props' property.
src/app/report.tsx(229,16): error TS2786: 'TextInput' cannot be used as a JSX component.
  Its type 'typeof TextInput' is not a valid JSX element type.
    Type 'typeof TextInput' is not assignable to type 'new (props: any, context: any) => Component<any, any, any>'.
      Type 'TextInput' is missing the following properties from type 'Component<any, any, any>': context, setState, forceUpdate, render, and 2 more.
src/app/report.tsx(240,13): error TS2607: JSX element class does not support attributes because it does not have a 'props' property.
src/app/report.tsx(240,14): error TS2786: 'TextInput' cannot be used as a JSX component.
  Its type 'typeof TextInput' is not a valid JSX element type.
    Type 'typeof TextInput' is not assignable to type 'new (props: any, context: any) => Component<any, any, any>'.
      Type 'TextInput' is missing the following properties from type 'Component<any, any, any>': context, setState, forceUpdate, render, and 2 more.
src/app/report.tsx(251,11): error TS2607: JSX element class does not support attributes because it does not have a 'props' property.
src/app/report.tsx(251,12): error TS2786: 'Text' cannot be used as a JSX component.
  Its type 'typeof Text' is not a valid JSX element type.
    Type 'typeof Text' is not assignable to type 'new (props: any, context: any) => Component<any, any, any>'.
      Type 'Text' is missing the following properties from type 'Component<any, any, any>': context, setState, forceUpdate, render, and 2 more.
src/app/report.tsx(252,11): error TS2607: JSX element class does not support attributes because it does not have a 'props' property.
src/app/report.tsx(252,12): error TS2786: 'View' cannot be used as a JSX component.
  Its type 'typeof View' is not a valid JSX element type.
    Type 'typeof View' is not assignable to type 'new (props: any, context: any) => Component<any, any, any>'.
      Type 'View' is missing the following properties from type 'Component<any, any, any>': context, setState, forceUpdate, render, and 2 more.
src/app/report.tsx(254,15): error TS2607: JSX element class does not support attributes because it does not have a 'props' property.
src/app/report.tsx(254,16): error TS2786: 'View' cannot be used as a JSX component.
  Its type 'typeof View' is not a valid JSX element type.
    Type 'typeof View' is not assignable to type 'new (props: any, context: any) => Component<any, any, any>'.
      Type 'View' is missing the following properties from type 'Component<any, any, any>': context, setState, forceUpdate, render, and 2 more.
src/app/report.tsx(255,17): error TS2607: JSX element class does not support attributes because it does not have a 'props' property.
src/app/report.tsx(255,18): error TS2786: 'Image' cannot be used as a JSX component.
  Its type 'typeof Image' is not a valid JSX element type.
    Type 'typeof Image' is not assignable to type 'new (props: any, context: any) => Component<any, any, any>'.
      Type 'Image' is missing the following properties from type 'Component<any, any, any>': context, setState, forceUpdate, render, and 2 more.
src/app/report.tsx(270,17): error TS2607: JSX element class does not support attributes because it does not have a 'props' property.
src/app/report.tsx(270,18): error TS2786: 'Text' cannot be used as a JSX component.
  Its type 'typeof Text' is not a valid JSX element type.
    Type 'typeof Text' is not assignable to type 'new (props: any, context: any) => Component<any, any, any>'.
      Type 'Text' is missing the following properties from type 'Component<any, any, any>': context, setState, forceUpdate, render, and 2 more.
src/app/report.tsx(275,11): error TS2607: JSX element class does not support attributes because it does not have a 'props' property.
src/app/report.tsx(275,12): error TS2786: 'View' cannot be used as a JSX component.
  Its type 'typeof View' is not a valid JSX element type.
    Type 'typeof View' is not assignable to type 'new (props: any, context: any) => Component<any, any, any>'.
      Type 'View' is missing the following properties from type 'Component<any, any, any>': context, setState, forceUpdate, render, and 2 more.
src/app/report.tsx(276,13): error TS2607: JSX element class does not support attributes because it does not have a 'props' property.
src/app/report.tsx(276,14): error TS2786: 'View' cannot be used as a JSX component.
  Its type 'typeof View' is not a valid JSX element type.
    Type 'typeof View' is not assignable to type 'new (props: any, context: any) => Component<any, any, any>'.
      Type 'View' is missing the following properties from type 'Component<any, any, any>': context, setState, forceUpdate, render, and 2 more.
src/app/report.tsx(277,15): error TS2607: JSX element class does not support attributes because it does not have a 'props' property.
src/app/report.tsx(277,16): error TS2786: 'View' cannot be used as a JSX component.
  Its type 'typeof View' is not a valid JSX element type.
    Type 'typeof View' is not assignable to type 'new (props: any, context: any) => Component<any, any, any>'.
      Type 'View' is missing the following properties from type 'Component<any, any, any>': context, setState, forceUpdate, render, and 2 more.
src/app/report.tsx(280,15): error TS2607: JSX element class does not support attributes because it does not have a 'props' property.
src/app/report.tsx(280,16): error TS2786: 'View' cannot be used as a JSX component.
  Its type 'typeof View' is not a valid JSX element type.
    Type 'typeof View' is not assignable to type 'new (props: any, context: any) => Component<any, any, any>'.
      Type 'View' is missing the following properties from type 'Component<any, any, any>': context, setState, forceUpdate, render, and 2 more.
src/app/report.tsx(281,17): error TS2607: JSX element class does not support attributes because it does not have a 'props' property.
src/app/report.tsx(281,18): error TS2786: 'Text' cannot be used as a JSX component.
  Its type 'typeof Text' is not a valid JSX element type.
    Type 'typeof Text' is not assignable to type 'new (props: any, context: any) => Component<any, any, any>'.
      Type 'Text' is missing the following properties from type 'Component<any, any, any>': context, setState, forceUpdate, render, and 2 more.
src/app/report.tsx(282,17): error TS2607: JSX element class does not support attributes because it does not have a 'props' property.
src/app/report.tsx(282,18): error TS2786: 'Text' cannot be used as a JSX component.
  Its type 'typeof Text' is not a valid JSX element type.
    Type 'typeof Text' is not assignable to type 'new (props: any, context: any) => Component<any, any, any>'.
      Type 'Text' is missing the following properties from type 'Component<any, any, any>': context, setState, forceUpdate, render, and 2 more.
src/app/report.tsx(285,13): error TS2607: JSX element class does not support attributes because it does not have a 'props' property.
src/app/report.tsx(285,14): error TS2786: 'Switch' cannot be used as a JSX component.
  Its type 'typeof Switch' is not a valid JSX element type.
    Type 'typeof Switch' is not assignable to type 'new (props: any, context: any) => Component<any, any, any>'.
      Type 'Switch' is missing the following properties from type 'Component<any, any, any>': context, setState, forceUpdate, render, and 2 more.
src/app/settings.tsx(198,7): error TS2607: JSX element class does not support attributes because it does not have a 'props' property.
src/app/settings.tsx(198,8): error TS2786: 'View' cannot be used as a JSX component.
  Its type 'typeof View' is not a valid JSX element type.
    Type 'typeof View' is not assignable to type 'new (props: any, context: any) => Component<any, any, any>'.
      Type 'View' is missing the following properties from type 'Component<any, any, any>': context, setState, forceUpdate, render, and 2 more.
src/app/settings.tsx(201,7): error TS2607: JSX element class does not support attributes because it does not have a 'props' property.
src/app/settings.tsx(201,8): error TS2786: 'View' cannot be used as a JSX component.
  Its type 'typeof View' is not a valid JSX element type.
    Type 'typeof View' is not assignable to type 'new (props: any, context: any) => Component<any, any, any>'.
      Type 'View' is missing the following properties from type 'Component<any, any, any>': context, setState, forceUpdate, render, and 2 more.
src/app/settings.tsx(202,9): error TS2607: JSX element class does not support attributes because it does not have a 'props' property.
src/app/settings.tsx(202,10): error TS2786: 'Text' cannot be used as a JSX component.
  Its type 'typeof Text' is not a valid JSX element type.
    Type 'typeof Text' is not assignable to type 'new (props: any, context: any) => Component<any, any, any>'.
      Type 'Text' is missing the following properties from type 'Component<any, any, any>': context, setState, forceUpdate, render, and 2 more.
src/app/settings.tsx(203,22): error TS2607: JSX element class does not support attributes because it does not have a 'props' property.
src/app/settings.tsx(203,23): error TS2786: 'Text' cannot be used as a JSX component.
  Its type 'typeof Text' is not a valid JSX element type.
    Type 'typeof Text' is not assignable to type 'new (props: any, context: any) => Component<any, any, any>'.
      Type 'Text' is missing the following properties from type 'Component<any, any, any>': context, setState, forceUpdate, render, and 2 more.
src/app/settings.tsx(211,7): error TS2607: JSX element class does not support attributes because it does not have a 'props' property.
src/app/settings.tsx(211,8): error TS2786: 'View' cannot be used as a JSX component.
  Its type 'typeof View' is not a valid JSX element type.
    Type 'typeof View' is not assignable to type 'new (props: any, context: any) => Component<any, any, any>'.
      Type 'View' is missing the following properties from type 'Component<any, any, any>': context, setState, forceUpdate, render, and 2 more.
src/app/settings.tsx(212,9): error TS2607: JSX element class does not support attributes because it does not have a 'props' property.
src/app/settings.tsx(212,10): error TS2786: 'Text' cannot be used as a JSX component.
  Its type 'typeof Text' is not a valid JSX element type.
    Type 'typeof Text' is not assignable to type 'new (props: any, context: any) => Component<any, any, any>'.
      Type 'Text' is missing the following properties from type 'Component<any, any, any>': context, setState, forceUpdate, render, and 2 more.
src/app/settings.tsx(218,7): error TS2607: JSX element class does not support attributes because it does not have a 'props' property.
src/app/settings.tsx(218,8): error TS2786: 'KeyboardAvoidingView' cannot be used as a JSX component.
  Its type 'typeof KeyboardAvoidingView' is not a valid JSX element type.
    Type 'typeof KeyboardAvoidingView' is not assignable to type 'new (props: any, context: any) => Component<any, any, any>'.
      Type 'KeyboardAvoidingView' is missing the following properties from type 'Component<any, any, any>': context, setState, forceUpdate, render, and 2 more.
src/app/settings.tsx(219,9): error TS2607: JSX element class does not support attributes because it does not have a 'props' property.
src/app/settings.tsx(219,10): error TS2786: 'ScrollView' cannot be used as a JSX component.
  Its type 'typeof ScrollView' is not a valid JSX element type.
    Type 'typeof ScrollView' is not assignable to type 'new (props: any, context: any) => Component<any, any, any>'.
      Type 'ScrollView' is missing the following properties from type 'Component<any, any, any>': context, setState, forceUpdate, render, and 2 more.
src/app/settings.tsx(222,11): error TS2607: JSX element class does not support attributes because it does not have a 'props' property.
src/app/settings.tsx(222,12): error TS2786: 'Text' cannot be used as a JSX component.
  Its type 'typeof Text' is not a valid JSX element type.
    Type 'typeof Text' is not assignable to type 'new (props: any, context: any) => Component<any, any, any>'.
      Type 'Text' is missing the following properties from type 'Component<any, any, any>': context, setState, forceUpdate, render, and 2 more.
src/app/settings.tsx(223,11): error TS2607: JSX element class does not support attributes because it does not have a 'props' property.
src/app/settings.tsx(223,12): error TS2786: 'View' cannot be used as a JSX component.
  Its type 'typeof View' is not a valid JSX element type.
    Type 'typeof View' is not assignable to type 'new (props: any, context: any) => Component<any, any, any>'.
      Type 'View' is missing the following properties from type 'Component<any, any, any>': context, setState, forceUpdate, render, and 2 more.
src/app/settings.tsx(235,15): error TS2607: JSX element class does not support attributes because it does not have a 'props' property.
src/app/settings.tsx(235,16): error TS2786: 'View' cannot be used as a JSX component.
  Its type 'typeof View' is not a valid JSX element type.
    Type 'typeof View' is not assignable to type 'new (props: any, context: any) => Component<any, any, any>'.
      Type 'View' is missing the following properties from type 'Component<any, any, any>': context, setState, forceUpdate, render, and 2 more.
src/app/settings.tsx(242,19): error TS2607: JSX element class does not support attributes because it does not have a 'props' property.
src/app/settings.tsx(242,20): error TS2786: 'View' cannot be used as a JSX component.
  Its type 'typeof View' is not a valid JSX element type.
    Type 'typeof View' is not assignable to type 'new (props: any, context: any) => Component<any, any, any>'.
      Type 'View' is missing the following properties from type 'Component<any, any, any>': context, setState, forceUpdate, render, and 2 more.
src/app/settings.tsx(243,21): error TS2607: JSX element class does not support attributes because it does not have a 'props' property.
src/app/settings.tsx(243,22): error TS2786: 'Text' cannot be used as a JSX component.
  Its type 'typeof Text' is not a valid JSX element type.
    Type 'typeof Text' is not assignable to type 'new (props: any, context: any) => Component<any, any, any>'.
      Type 'Text' is missing the following properties from type 'Component<any, any, any>': context, setState, forceUpdate, render, and 2 more.
src/app/settings.tsx(244,21): error TS2607: JSX element class does not support attributes because it does not have a 'props' property.
src/app/settings.tsx(244,22): error TS2786: 'TextInput' cannot be used as a JSX component.
  Its type 'typeof TextInput' is not a valid JSX element type.
    Type 'typeof TextInput' is not assignable to type 'new (props: any, context: any) => Component<any, any, any>'.
      Type 'TextInput' is missing the following properties from type 'Component<any, any, any>': context, setState, forceUpdate, render, and 2 more.
src/app/settings.tsx(260,31): error TS2607: JSX element class does not support attributes because it does not have a 'props' property.
src/app/settings.tsx(260,32): error TS2786: 'ActivityIndicator' cannot be used as a JSX component.
  Its type 'typeof ActivityIndicator' is not a valid JSX element type.
    Type 'typeof ActivityIndicator' is not assignable to type 'new (props: any, context: any) => Component<any, any, any>'.
      Type 'ActivityIndicator' is missing the following properties from type 'Component<any, any, any>': context, setState, forceUpdate, render, and 2 more.
src/app/settings.tsx(260,97): error TS2607: JSX element class does not support attributes because it does not have a 'props' property.
src/app/settings.tsx(260,98): error TS2786: 'Text' cannot be used as a JSX component.
  Its type 'typeof Text' is not a valid JSX element type.
    Type 'typeof Text' is not assignable to type 'new (props: any, context: any) => Component<any, any, any>'.
      Type 'Text' is missing the following properties from type 'Component<any, any, any>': context, setState, forceUpdate, render, and 2 more.
src/app/settings.tsx(267,11): error TS2607: JSX element class does not support attributes because it does not have a 'props' property.
src/app/settings.tsx(267,12): error TS2786: 'Text' cannot be used as a JSX component.
  Its type 'typeof Text' is not a valid JSX element type.
    Type 'typeof Text' is not assignable to type 'new (props: any, context: any) => Component<any, any, any>'.
      Type 'Text' is missing the following properties from type 'Component<any, any, any>': context, setState, forceUpdate, render, and 2 more.
src/app/settings.tsx(268,11): error TS2607: JSX element class does not support attributes because it does not have a 'props' property.
src/app/settings.tsx(268,12): error TS2786: 'View' cannot be used as a JSX component.
  Its type 'typeof View' is not a valid JSX element type.
    Type 'typeof View' is not assignable to type 'new (props: any, context: any) => Component<any, any, any>'.
      Type 'View' is missing the following properties from type 'Component<any, any, any>': context, setState, forceUpdate, render, and 2 more.
src/app/settings.tsx(275,22): error TS2607: JSX element class does not support attributes because it does not have a 'props' property.
src/app/settings.tsx(275,23): error TS2786: 'Switch' cannot be used as a JSX component.
  Its type 'typeof Switch' is not a valid JSX element type.
    Type 'typeof Switch' is not assignable to type 'new (props: any, context: any) => Component<any, any, any>'.
      Type 'Switch' is missing the following properties from type 'Component<any, any, any>': context, setState, forceUpdate, render, and 2 more.
src/app/settings.tsx(275,63): error TS7006: Parameter 'val' implicitly has an 'any' type.
src/app/settings.tsx(285,22): error TS2607: JSX element class does not support attributes because it does not have a 'props' property.
src/app/settings.tsx(285,23): error TS2786: 'Text' cannot be used as a JSX component.
  Its type 'typeof Text' is not a valid JSX element type.
    Type 'typeof Text' is not assignable to type 'new (props: any, context: any) => Component<any, any, any>'.
      Type 'Text' is missing the following properties from type 'Component<any, any, any>': context, setState, forceUpdate, render, and 2 more.
src/app/settings.tsx(294,22): error TS2607: JSX element class does not support attributes because it does not have a 'props' property.
src/app/settings.tsx(294,23): error TS2786: 'Switch' cannot be used as a JSX component.
  Its type 'typeof Switch' is not a valid JSX element type.
    Type 'typeof Switch' is not assignable to type 'new (props: any, context: any) => Component<any, any, any>'.
      Type 'Switch' is missing the following properties from type 'Component<any, any, any>': context, setState, forceUpdate, render, and 2 more.
src/app/settings.tsx(303,22): error TS2607: JSX element class does not support attributes because it does not have a 'props' property.
src/app/settings.tsx(303,23): error TS2786: 'Switch' cannot be used as a JSX component.
  Its type 'typeof Switch' is not a valid JSX element type.
    Type 'typeof Switch' is not assignable to type 'new (props: any, context: any) => Component<any, any, any>'.
      Type 'Switch' is missing the following properties from type 'Component<any, any, any>': context, setState, forceUpdate, render, and 2 more.
src/app/settings.tsx(313,22): error TS2607: JSX element class does not support attributes because it does not have a 'props' property.
src/app/settings.tsx(313,23): error TS2786: 'Switch' cannot be used as a JSX component.
  Its type 'typeof Switch' is not a valid JSX element type.
    Type 'typeof Switch' is not assignable to type 'new (props: any, context: any) => Component<any, any, any>'.
      Type 'Switch' is missing the following properties from type 'Component<any, any, any>': context, setState, forceUpdate, render, and 2 more.
src/app/settings.tsx(318,11): error TS2607: JSX element class does not support attributes because it does not have a 'props' property.
src/app/settings.tsx(318,12): error TS2786: 'Text' cannot be used as a JSX component.
  Its type 'typeof Text' is not a valid JSX element type.
    Type 'typeof Text' is not assignable to type 'new (props: any, context: any) => Component<any, any, any>'.
      Type 'Text' is missing the following properties from type 'Component<any, any, any>': context, setState, forceUpdate, render, and 2 more.
src/app/settings.tsx(319,11): error TS2607: JSX element class does not support attributes because it does not have a 'props' property.
src/app/settings.tsx(319,12): error TS2786: 'View' cannot be used as a JSX component.
  Its type 'typeof View' is not a valid JSX element type.
    Type 'typeof View' is not assignable to type 'new (props: any, context: any) => Component<any, any, any>'.
      Type 'View' is missing the following properties from type 'Component<any, any, any>': context, setState, forceUpdate, render, and 2 more.
src/app/settings.tsx(328,43): error TS2607: JSX element class does not support attributes because it does not have a 'props' property.
src/app/settings.tsx(328,44): error TS2786: 'ActivityIndicator' cannot be used as a JSX component.
  Its type 'typeof ActivityIndicator' is not a valid JSX element type.
    Type 'typeof ActivityIndicator' is not assignable to type 'new (props: any, context: any) => Component<any, any, any>'.
      Type 'ActivityIndicator' is missing the following properties from type 'Component<any, any, any>': context, setState, forceUpdate, render, and 2 more.
src/app/settings.tsx(335,13): error TS2607: JSX element class does not support attributes because it does not have a 'props' property.
src/app/settings.tsx(335,14): error TS2786: 'Text' cannot be used as a JSX component.
  Its type 'typeof Text' is not a valid JSX element type.
    Type 'typeof Text' is not assignable to type 'new (props: any, context: any) => Component<any, any, any>'.
      Type 'Text' is missing the following properties from type 'Component<any, any, any>': context, setState, forceUpdate, render, and 2 more.
src/app/settings.tsx(340,13): error TS2607: JSX element class does not support attributes because it does not have a 'props' property.
src/app/settings.tsx(340,14): error TS2786: 'Text' cannot be used as a JSX component.
  Its type 'typeof Text' is not a valid JSX element type.
    Type 'typeof Text' is not assignable to type 'new (props: any, context: any) => Component<any, any, any>'.
      Type 'Text' is missing the following properties from type 'Component<any, any, any>': context, setState, forceUpdate, render, and 2 more.
src/app/settings.tsx(343,11): error TS2607: JSX element class does not support attributes because it does not have a 'props' property.
src/app/settings.tsx(343,12): error TS2786: 'Text' cannot be used as a JSX component.
  Its type 'typeof Text' is not a valid JSX element type.
    Type 'typeof Text' is not assignable to type 'new (props: any, context: any) => Component<any, any, any>'.
      Type 'Text' is missing the following properties from type 'Component<any, any, any>': context, setState, forceUpdate, render, and 2 more.
src/app/user/[id].tsx(184,7): error TS2607: JSX element class does not support attributes because it does not have a 'props' property.
src/app/user/[id].tsx(184,8): error TS2786: 'View' cannot be used as a JSX component.
  Its type 'typeof View' is not a valid JSX element type.
    Type 'typeof View' is not assignable to type 'new (props: any, context: any) => Component<any, any, any>'.
      Type 'View' is missing the following properties from type 'Component<any, any, any>': context, setState, forceUpdate, render, and 2 more.
src/app/user/[id].tsx(187,11): error TS2607: JSX element class does not support attributes because it does not have a 'props' property.
src/app/user/[id].tsx(187,12): error TS2786: 'View' cannot be used as a JSX component.
  Its type 'typeof View' is not a valid JSX element type.
    Type 'typeof View' is not assignable to type 'new (props: any, context: any) => Component<any, any, any>'.
      Type 'View' is missing the following properties from type 'Component<any, any, any>': context, setState, forceUpdate, render, and 2 more.
src/app/user/[id].tsx(194,13): error TS2607: JSX element class does not support attributes because it does not have a 'props' property.
src/app/user/[id].tsx(194,14): error TS2786: 'Text' cannot be used as a JSX component.
  Its type 'typeof Text' is not a valid JSX element type.
    Type 'typeof Text' is not assignable to type 'new (props: any, context: any) => Component<any, any, any>'.
      Type 'Text' is missing the following properties from type 'Component<any, any, any>': context, setState, forceUpdate, render, and 2 more.
src/app/user/[id].tsx(195,13): error TS2607: JSX element class does not support attributes because it does not have a 'props' property.
src/app/user/[id].tsx(195,14): error TS2786: 'View' cannot be used as a JSX component.
  Its type 'typeof View' is not a valid JSX element type.
    Type 'typeof View' is not assignable to type 'new (props: any, context: any) => Component<any, any, any>'.
      Type 'View' is missing the following properties from type 'Component<any, any, any>': context, setState, forceUpdate, render, and 2 more.
src/app/user/[id].tsx(199,11): error TS2607: JSX element class does not support attributes because it does not have a 'props' property.
src/app/user/[id].tsx(199,12): error TS2786: 'View' cannot be used as a JSX component.
  Its type 'typeof View' is not a valid JSX element type.
    Type 'typeof View' is not assignable to type 'new (props: any, context: any) => Component<any, any, any>'.
      Type 'View' is missing the following properties from type 'Component<any, any, any>': context, setState, forceUpdate, render, and 2 more.
src/app/user/[id].tsx(200,13): error TS2607: JSX element class does not support attributes because it does not have a 'props' property.
src/app/user/[id].tsx(200,14): error TS2786: 'View' cannot be used as a JSX component.
  Its type 'typeof View' is not a valid JSX element type.
    Type 'typeof View' is not assignable to type 'new (props: any, context: any) => Component<any, any, any>'.
      Type 'View' is missing the following properties from type 'Component<any, any, any>': context, setState, forceUpdate, render, and 2 more.
src/app/user/[id].tsx(204,17): error TS2607: JSX element class does not support attributes because it does not have a 'props' property.
src/app/user/[id].tsx(204,18): error TS2786: 'View' cannot be used as a JSX component.
  Its type 'typeof View' is not a valid JSX element type.
    Type 'typeof View' is not assignable to type 'new (props: any, context: any) => Component<any, any, any>'.
      Type 'View' is missing the following properties from type 'Component<any, any, any>': context, setState, forceUpdate, render, and 2 more.
src/app/user/[id].tsx(210,13): error TS2607: JSX element class does not support attributes because it does not have a 'props' property.
src/app/user/[id].tsx(210,14): error TS2786: 'Text' cannot be used as a JSX component.
  Its type 'typeof Text' is not a valid JSX element type.
    Type 'typeof Text' is not assignable to type 'new (props: any, context: any) => Component<any, any, any>'.
      Type 'Text' is missing the following properties from type 'Component<any, any, any>': context, setState, forceUpdate, render, and 2 more.
src/app/user/[id].tsx(214,13): error TS2607: JSX element class does not support attributes because it does not have a 'props' property.
src/app/user/[id].tsx(214,14): error TS2786: 'View' cannot be used as a JSX component.
  Its type 'typeof View' is not a valid JSX element type.
    Type 'typeof View' is not assignable to type 'new (props: any, context: any) => Component<any, any, any>'.
      Type 'View' is missing the following properties from type 'Component<any, any, any>': context, setState, forceUpdate, render, and 2 more.
src/app/user/[id].tsx(215,15): error TS2607: JSX element class does not support attributes because it does not have a 'props' property.
src/app/user/[id].tsx(215,16): error TS2786: 'View' cannot be used as a JSX component.
  Its type 'typeof View' is not a valid JSX element type.
    Type 'typeof View' is not assignable to type 'new (props: any, context: any) => Component<any, any, any>'.
      Type 'View' is missing the following properties from type 'Component<any, any, any>': context, setState, forceUpdate, render, and 2 more.
src/app/user/[id].tsx(216,17): error TS2607: JSX element class does not support attributes because it does not have a 'props' property.
src/app/user/[id].tsx(216,18): error TS2786: 'Text' cannot be used as a JSX component.
  Its type 'typeof Text' is not a valid JSX element type.
    Type 'typeof Text' is not assignable to type 'new (props: any, context: any) => Component<any, any, any>'.
      Type 'Text' is missing the following properties from type 'Component<any, any, any>': context, setState, forceUpdate, render, and 2 more.
src/app/user/[id].tsx(217,17): error TS2607: JSX element class does not support attributes because it does not have a 'props' property.
src/app/user/[id].tsx(217,18): error TS2786: 'Text' cannot be used as a JSX component.
  Its type 'typeof Text' is not a valid JSX element type.
    Type 'typeof Text' is not assignable to type 'new (props: any, context: any) => Component<any, any, any>'.
      Type 'Text' is missing the following properties from type 'Component<any, any, any>': context, setState, forceUpdate, render, and 2 more.
src/app/user/[id].tsx(219,15): error TS2607: JSX element class does not support attributes because it does not have a 'props' property.
src/app/user/[id].tsx(219,16): error TS2786: 'View' cannot be used as a JSX component.
  Its type 'typeof View' is not a valid JSX element type.
    Type 'typeof View' is not assignable to type 'new (props: any, context: any) => Component<any, any, any>'.
      Type 'View' is missing the following properties from type 'Component<any, any, any>': context, setState, forceUpdate, render, and 2 more.
src/app/user/[id].tsx(220,15): error TS2607: JSX element class does not support attributes because it does not have a 'props' property.
src/app/user/[id].tsx(220,16): error TS2786: 'View' cannot be used as a JSX component.
  Its type 'typeof View' is not a valid JSX element type.
    Type 'typeof View' is not assignable to type 'new (props: any, context: any) => Component<any, any, any>'.
      Type 'View' is missing the following properties from type 'Component<any, any, any>': context, setState, forceUpdate, render, and 2 more.
src/app/user/[id].tsx(221,17): error TS2607: JSX element class does not support attributes because it does not have a 'props' property.
src/app/user/[id].tsx(221,18): error TS2786: 'Text' cannot be used as a JSX component.
  Its type 'typeof Text' is not a valid JSX element type.
    Type 'typeof Text' is not assignable to type 'new (props: any, context: any) => Component<any, any, any>'.
      Type 'Text' is missing the following properties from type 'Component<any, any, any>': context, setState, forceUpdate, render, and 2 more.
src/app/user/[id].tsx(222,17): error TS2607: JSX element class does not support attributes because it does not have a 'props' property.
src/app/user/[id].tsx(222,18): error TS2786: 'Text' cannot be used as a JSX component.
  Its type 'typeof Text' is not a valid JSX element type.
    Type 'typeof Text' is not assignable to type 'new (props: any, context: any) => Component<any, any, any>'.
      Type 'Text' is missing the following properties from type 'Component<any, any, any>': context, setState, forceUpdate, render, and 2 more.
src/app/user/[id].tsx(224,15): error TS2607: JSX element class does not support attributes because it does not have a 'props' property.
src/app/user/[id].tsx(224,16): error TS2786: 'View' cannot be used as a JSX component.
  Its type 'typeof View' is not a valid JSX element type.
    Type 'typeof View' is not assignable to type 'new (props: any, context: any) => Component<any, any, any>'.
      Type 'View' is missing the following properties from type 'Component<any, any, any>': context, setState, forceUpdate, render, and 2 more.
src/app/user/[id].tsx(225,15): error TS2607: JSX element class does not support attributes because it does not have a 'props' property.
src/app/user/[id].tsx(225,16): error TS2786: 'View' cannot be used as a JSX component.
  Its type 'typeof View' is not a valid JSX element type.
    Type 'typeof View' is not assignable to type 'new (props: any, context: any) => Component<any, any, any>'.
      Type 'View' is missing the following properties from type 'Component<any, any, any>': context, setState, forceUpdate, render, and 2 more.
src/app/user/[id].tsx(226,17): error TS2607: JSX element class does not support attributes because it does not have a 'props' property.
src/app/user/[id].tsx(226,18): error TS2786: 'Text' cannot be used as a JSX component.
  Its type 'typeof Text' is not a valid JSX element type.
    Type 'typeof Text' is not assignable to type 'new (props: any, context: any) => Component<any, any, any>'.
      Type 'Text' is missing the following properties from type 'Component<any, any, any>': context, setState, forceUpdate, render, and 2 more.
src/app/user/[id].tsx(227,17): error TS2607: JSX element class does not support attributes because it does not have a 'props' property.
src/app/user/[id].tsx(227,18): error TS2786: 'Text' cannot be used as a JSX component.
  Its type 'typeof Text' is not a valid JSX element type.
    Type 'typeof Text' is not assignable to type 'new (props: any, context: any) => Component<any, any, any>'.
      Type 'Text' is missing the following properties from type 'Component<any, any, any>': context, setState, forceUpdate, render, and 2 more.
src/app/user/[id].tsx(233,15): error TS2607: JSX element class does not support attributes because it does not have a 'props' property.
src/app/user/[id].tsx(233,16): error TS2786: 'View' cannot be used as a JSX component.
  Its type 'typeof View' is not a valid JSX element type.
    Type 'typeof View' is not assignable to type 'new (props: any, context: any) => Component<any, any, any>'.
      Type 'View' is missing the following properties from type 'Component<any, any, any>': context, setState, forceUpdate, render, and 2 more.
src/app/user/[id].tsx(246,23): error TS2607: JSX element class does not support attributes because it does not have a 'props' property.
src/app/user/[id].tsx(246,24): error TS2786: 'Text' cannot be used as a JSX component.
  Its type 'typeof Text' is not a valid JSX element type.
    Type 'typeof Text' is not assignable to type 'new (props: any, context: any) => Component<any, any, any>'.
      Type 'Text' is missing the following properties from type 'Component<any, any, any>': context, setState, forceUpdate, render, and 2 more.
src/app/user/[id].tsx(251,23): error TS2607: JSX element class does not support attributes because it does not have a 'props' property.
src/app/user/[id].tsx(251,24): error TS2786: 'Text' cannot be used as a JSX component.
  Its type 'typeof Text' is not a valid JSX element type.
    Type 'typeof Text' is not assignable to type 'new (props: any, context: any) => Component<any, any, any>'.
      Type 'Text' is missing the following properties from type 'Component<any, any, any>': context, setState, forceUpdate, render, and 2 more.
src/app/user/[id].tsx(259,11): error TS2607: JSX element class does not support attributes because it does not have a 'props' property.
src/app/user/[id].tsx(259,12): error TS2786: 'Text' cannot be used as a JSX component.
  Its type 'typeof Text' is not a valid JSX element type.
    Type 'typeof Text' is not assignable to type 'new (props: any, context: any) => Component<any, any, any>'.
      Type 'Text' is missing the following properties from type 'Component<any, any, any>': context, setState, forceUpdate, render, and 2 more.
src/app/user/[id].tsx(266,5): error TS2607: JSX element class does not support attributes because it does not have a 'props' property.
src/app/user/[id].tsx(266,6): error TS2786: 'View' cannot be used as a JSX component.
  Its type 'typeof View' is not a valid JSX element type.
    Type 'typeof View' is not assignable to type 'new (props: any, context: any) => Component<any, any, any>'.
      Type 'View' is missing the following properties from type 'Component<any, any, any>': context, setState, forceUpdate, render, and 2 more.
src/app/user/[id].tsx(284,25): error TS2607: JSX element class does not support attributes because it does not have a 'props' property.
src/app/user/[id].tsx(284,26): error TS2786: 'RefreshControl' cannot be used as a JSX component.
  Its type 'typeof RefreshControl' is not a valid JSX element type.
    Type 'typeof RefreshControl' is not assignable to type 'new (props: any, context: any) => Component<any, any, any>'.
      Type 'RefreshControl' is missing the following properties from type 'Component<any, any, any>': context, setState, forceUpdate, render, and 2 more.
src/app/user/[id].tsx(289,13): error TS2607: JSX element class does not support attributes because it does not have a 'props' property.
src/app/user/[id].tsx(289,14): error TS2786: 'View' cannot be used as a JSX component.
  Its type 'typeof View' is not a valid JSX element type.
    Type 'typeof View' is not assignable to type 'new (props: any, context: any) => Component<any, any, any>'.
      Type 'View' is missing the following properties from type 'Component<any, any, any>': context, setState, forceUpdate, render, and 2 more.
src/app/user/[id].tsx(290,15): error TS2607: JSX element class does not support attributes because it does not have a 'props' property.
src/app/user/[id].tsx(290,16): error TS2786: 'View' cannot be used as a JSX component.
  Its type 'typeof View' is not a valid JSX element type.
    Type 'typeof View' is not assignable to type 'new (props: any, context: any) => Component<any, any, any>'.
      Type 'View' is missing the following properties from type 'Component<any, any, any>': context, setState, forceUpdate, render, and 2 more.
src/app/user/[id].tsx(293,15): error TS2607: JSX element class does not support attributes because it does not have a 'props' property.
src/app/user/[id].tsx(293,16): error TS2786: 'Text' cannot be used as a JSX component.
  Its type 'typeof Text' is not a valid JSX element type.
    Type 'typeof Text' is not assignable to type 'new (props: any, context: any) => Component<any, any, any>'.
      Type 'Text' is missing the following properties from type 'Component<any, any, any>': context, setState, forceUpdate, render, and 2 more.
src/app/user/[id].tsx(298,13): error TS2607: JSX element class does not support attributes because it does not have a 'props' property.
src/app/user/[id].tsx(298,14): error TS2786: 'View' cannot be used as a JSX component.
  Its type 'typeof View' is not a valid JSX element type.
    Type 'typeof View' is not assignable to type 'new (props: any, context: any) => Component<any, any, any>'.
      Type 'View' is missing the following properties from type 'Component<any, any, any>': context, setState, forceUpdate, render, and 2 more.
src/components/ActionSheet.tsx(82,7): error TS2607: JSX element class does not support attributes because it does not have a 'props' property.
src/components/ActionSheet.tsx(82,8): error TS2786: 'TouchableWithoutFeedback' cannot be used as a JSX component.
  Its type 'typeof TouchableWithoutFeedback' is not a valid JSX element type.
    Type 'typeof TouchableWithoutFeedback' is not assignable to type 'new (props: any, context: any) => Component<any, any, any>'.
      Type 'TouchableWithoutFeedback' is missing the following properties from type 'Component<any, any, any>': context, setState, forceUpdate, render, and 2 more.
src/components/ActionSheet.tsx(83,10): error TS2322: Type '{ children: Element; style: { flex: number; backgroundColor: string; opacity: Value; }; }' is not assignable to type 'IntrinsicAttributes & AnimatedProps<{}>'.
  Property 'children' does not exist on type 'IntrinsicAttributes & AnimatedProps<{}>'.
src/components/ActionSheet.tsx(84,11): error TS2607: JSX element class does not support attributes because it does not have a 'props' property.
src/components/ActionSheet.tsx(84,12): error TS2786: 'View' cannot be used as a JSX component.
  Its type 'typeof View' is not a valid JSX element type.
    Type 'typeof View' is not assignable to type 'new (props: any, context: any) => Component<any, any, any>'.
      Type 'View' is missing the following properties from type 'Component<any, any, any>': context, setState, forceUpdate, render, and 2 more.
src/components/ActionSheet.tsx(88,8): error TS2322: Type '{ children: Element; style: { position: string; bottom: number; left: number; right: number; transform: { translateY: Value; }[]; }; }' is not assignable to type 'IntrinsicAttributes & AnimatedProps<{}>'.
  Property 'children' does not exist on type 'IntrinsicAttributes & AnimatedProps<{}>'.
src/components/ActionSheet.tsx(97,9): error TS2607: JSX element class does not support attributes because it does not have a 'props' property.
src/components/ActionSheet.tsx(97,10): error TS2786: 'View' cannot be used as a JSX component.
  Its type 'typeof View' is not a valid JSX element type.
    Type 'typeof View' is not assignable to type 'new (props: any, context: any) => Component<any, any, any>'.
      Type 'View' is missing the following properties from type 'Component<any, any, any>': context, setState, forceUpdate, render, and 2 more.
src/components/ActionSheet.tsx(98,11): error TS2607: JSX element class does not support attributes because it does not have a 'props' property.
src/components/ActionSheet.tsx(98,12): error TS2786: 'View' cannot be used as a JSX component.
  Its type 'typeof View' is not a valid JSX element type.
    Type 'typeof View' is not assignable to type 'new (props: any, context: any) => Component<any, any, any>'.
      Type 'View' is missing the following properties from type 'Component<any, any, any>': context, setState, forceUpdate, render, and 2 more.
src/components/ActionSheet.tsx(101,13): error TS2607: JSX element class does not support attributes because it does not have a 'props' property.
src/components/ActionSheet.tsx(101,14): error TS2786: 'Text' cannot be used as a JSX component.
  Its type 'typeof Text' is not a valid JSX element type.
    Type 'typeof Text' is not assignable to type 'new (props: any, context: any) => Component<any, any, any>'.
      Type 'Text' is missing the following properties from type 'Component<any, any, any>': context, setState, forceUpdate, render, and 2 more.
src/components/ActionSheet.tsx(104,11): error TS2607: JSX element class does not support attributes because it does not have a 'props' property.
src/components/ActionSheet.tsx(104,12): error TS2786: 'View' cannot be used as a JSX component.
  Its type 'typeof View' is not a valid JSX element type.
    Type 'typeof View' is not assignable to type 'new (props: any, context: any) => Component<any, any, any>'.
      Type 'View' is missing the following properties from type 'Component<any, any, any>': context, setState, forceUpdate, render, and 2 more.
src/components/ActionSheet.tsx(116,17): error TS2607: JSX element class does not support attributes because it does not have a 'props' property.
src/components/ActionSheet.tsx(116,18): error TS2786: 'Text' cannot be used as a JSX component.
  Its type 'typeof Text' is not a valid JSX element type.
    Type 'typeof Text' is not assignable to type 'new (props: any, context: any) => Component<any, any, any>'.
      Type 'Text' is missing the following properties from type 'Component<any, any, any>': context, setState, forceUpdate, render, and 2 more.
src/components/ActionSheet.tsx(128,13): error TS2607: JSX element class does not support attributes because it does not have a 'props' property.
src/components/ActionSheet.tsx(128,14): error TS2786: 'Text' cannot be used as a JSX component.
  Its type 'typeof Text' is not a valid JSX element type.
    Type 'typeof Text' is not assignable to type 'new (props: any, context: any) => Component<any, any, any>'.
      Type 'Text' is missing the following properties from type 'Component<any, any, any>': context, setState, forceUpdate, render, and 2 more.
src/components/AlertProvider.tsx(67,9): error TS2607: JSX element class does not support attributes because it does not have a 'props' property.
src/components/AlertProvider.tsx(67,10): error TS2786: 'View' cannot be used as a JSX component.
  Its type 'typeof View' is not a valid JSX element type.
    Type 'typeof View' is not assignable to type 'new (props: any, context: any) => Component<any, any, any>'.
      Type 'View' is missing the following properties from type 'Component<any, any, any>': context, setState, forceUpdate, render, and 2 more.
src/components/AlertProvider.tsx(68,11): error TS2607: JSX element class does not support attributes because it does not have a 'props' property.
src/components/AlertProvider.tsx(68,12): error TS2786: 'TouchableWithoutFeedback' cannot be used as a JSX component.
  Its type 'typeof TouchableWithoutFeedback' is not a valid JSX element type.
    Type 'typeof TouchableWithoutFeedback' is not assignable to type 'new (props: any, context: any) => Component<any, any, any>'.
      Type 'TouchableWithoutFeedback' is missing the following properties from type 'Component<any, any, any>': context, setState, forceUpdate, render, and 2 more.
src/components/AlertProvider.tsx(69,28): error TS2322: Type '{ style: { position: string; top: number; left: number; right: number; bottom: number; opacity: Value; backgroundColor: string; }; }' is not assignable to type 'IntrinsicAttributes & AnimatedProps<{}>'.
  Property 'style' does not exist on type 'IntrinsicAttributes & AnimatedProps<{}>'.
src/components/AlertProvider.tsx(71,12): error TS2322: Type '{ children: Element[]; className: string; style: { width: string; maxWidth: number; opacity: Value; transform: { scale: Value; }[]; elevation: number; }; }' is not assignable to type 'IntrinsicAttributes & AnimatedProps<{}>'.
  Property 'children' does not exist on type 'IntrinsicAttributes & AnimatedProps<{}>'.
src/components/AlertProvider.tsx(81,13): error TS2607: JSX element class does not support attributes because it does not have a 'props' property.
src/components/AlertProvider.tsx(81,14): error TS2786: 'View' cannot be used as a JSX component.
  Its type 'typeof View' is not a valid JSX element type.
    Type 'typeof View' is not assignable to type 'new (props: any, context: any) => Component<any, any, any>'.
      Type 'View' is missing the following properties from type 'Component<any, any, any>': context, setState, forceUpdate, render, and 2 more.
src/components/AlertProvider.tsx(82,15): error TS2607: JSX element class does not support attributes because it does not have a 'props' property.
src/components/AlertProvider.tsx(82,16): error TS2786: 'Text' cannot be used as a JSX component.
  Its type 'typeof Text' is not a valid JSX element type.
    Type 'typeof Text' is not assignable to type 'new (props: any, context: any) => Component<any, any, any>'.
      Type 'Text' is missing the following properties from type 'Component<any, any, any>': context, setState, forceUpdate, render, and 2 more.
src/components/AlertProvider.tsx(84,17): error TS2607: JSX element class does not support attributes because it does not have a 'props' property.
src/components/AlertProvider.tsx(84,18): error TS2786: 'Text' cannot be used as a JSX component.
  Its type 'typeof Text' is not a valid JSX element type.
    Type 'typeof Text' is not assignable to type 'new (props: any, context: any) => Component<any, any, any>'.
      Type 'Text' is missing the following properties from type 'Component<any, any, any>': context, setState, forceUpdate, render, and 2 more.
src/components/AlertProvider.tsx(87,13): error TS2607: JSX element class does not support attributes because it does not have a 'props' property.
src/components/AlertProvider.tsx(87,14): error TS2786: 'View' cannot be used as a JSX component.
  Its type 'typeof View' is not a valid JSX element type.
    Type 'typeof View' is not assignable to type 'new (props: any, context: any) => Component<any, any, any>'.
      Type 'View' is missing the following properties from type 'Component<any, any, any>': context, setState, forceUpdate, render, and 2 more.
src/components/AlertProvider.tsx(99,19): error TS2607: JSX element class does not support attributes because it does not have a 'props' property.
src/components/AlertProvider.tsx(99,20): error TS2786: 'Text' cannot be used as a JSX component.
  Its type 'typeof Text' is not a valid JSX element type.
    Type 'typeof Text' is not assignable to type 'new (props: any, context: any) => Component<any, any, any>'.
      Type 'Text' is missing the following properties from type 'Component<any, any, any>': context, setState, forceUpdate, render, and 2 more.
src/components/AnimatedCard.tsx(51,10): error TS2304: Cannot find name 'View'.
src/components/AnimatedCard.tsx(53,11): error TS2304: Cannot find name 'View'.
src/components/Badge.tsx(91,5): error TS2607: JSX element class does not support attributes because it does not have a 'props' property.
src/components/Badge.tsx(91,6): error TS2786: 'View' cannot be used as a JSX component.
  Its type 'typeof View' is not a valid JSX element type.
    Type 'typeof View' is not assignable to type 'new (props: any, context: any) => Component<any, any, any>'.
      Type 'View' is missing the following properties from type 'Component<any, any, any>': context, setState, forceUpdate, render, and 2 more.
src/components/Badge.tsx(93,7): error TS2607: JSX element class does not support attributes because it does not have a 'props' property.
src/components/Badge.tsx(93,8): error TS2786: 'Text' cannot be used as a JSX component.
  Its type 'typeof Text' is not a valid JSX element type.
    Type 'typeof Text' is not assignable to type 'new (props: any, context: any) => Component<any, any, any>'.
      Type 'Text' is missing the following properties from type 'Component<any, any, any>': context, setState, forceUpdate, render, and 2 more.
src/components/FeedCard.tsx(147,7): error TS2607: JSX element class does not support attributes because it does not have a 'props' property.
src/components/FeedCard.tsx(147,8): error TS2786: 'View' cannot be used as a JSX component.
  Its type 'typeof View' is not a valid JSX element type.
    Type 'typeof View' is not assignable to type 'new (props: any, context: any) => Component<any, any, any>'.
      Type 'View' is missing the following properties from type 'Component<any, any, any>': context, setState, forceUpdate, render, and 2 more.
src/components/FeedCard.tsx(150,11): error TS2607: JSX element class does not support attributes because it does not have a 'props' property.
src/components/FeedCard.tsx(150,12): error TS2786: 'View' cannot be used as a JSX component.
  Its type 'typeof View' is not a valid JSX element type.
    Type 'typeof View' is not assignable to type 'new (props: any, context: any) => Component<any, any, any>'.
      Type 'View' is missing the following properties from type 'Component<any, any, any>': context, setState, forceUpdate, render, and 2 more.
src/components/FeedCard.tsx(152,13): error TS2607: JSX element class does not support attributes because it does not have a 'props' property.
src/components/FeedCard.tsx(152,14): error TS2786: 'Text' cannot be used as a JSX component.
  Its type 'typeof Text' is not a valid JSX element type.
    Type 'typeof Text' is not assignable to type 'new (props: any, context: any) => Component<any, any, any>'.
      Type 'Text' is missing the following properties from type 'Component<any, any, any>': context, setState, forceUpdate, render, and 2 more.
src/components/FeedCard.tsx(159,9): error TS2607: JSX element class does not support attributes because it does not have a 'props' property.
src/components/FeedCard.tsx(159,10): error TS2786: 'View' cannot be used as a JSX component.
  Its type 'typeof View' is not a valid JSX element type.
    Type 'typeof View' is not assignable to type 'new (props: any, context: any) => Component<any, any, any>'.
      Type 'View' is missing the following properties from type 'Component<any, any, any>': context, setState, forceUpdate, render, and 2 more.
src/components/FeedCard.tsx(171,15): error TS2607: JSX element class does not support attributes because it does not have a 'props' property.
src/components/FeedCard.tsx(171,16): error TS2786: 'View' cannot be used as a JSX component.
  Its type 'typeof View' is not a valid JSX element type.
    Type 'typeof View' is not assignable to type 'new (props: any, context: any) => Component<any, any, any>'.
      Type 'View' is missing the following properties from type 'Component<any, any, any>': context, setState, forceUpdate, render, and 2 more.
src/components/FeedCard.tsx(179,19): error TS2607: JSX element class does not support attributes because it does not have a 'props' property.
src/components/FeedCard.tsx(179,20): error TS2786: 'View' cannot be used as a JSX component.
  Its type 'typeof View' is not a valid JSX element type.
    Type 'typeof View' is not assignable to type 'new (props: any, context: any) => Component<any, any, any>'.
      Type 'View' is missing the following properties from type 'Component<any, any, any>': context, setState, forceUpdate, render, and 2 more.
src/components/FeedCard.tsx(185,15): error TS2607: JSX element class does not support attributes because it does not have a 'props' property.
src/components/FeedCard.tsx(185,16): error TS2786: 'View' cannot be used as a JSX component.
  Its type 'typeof View' is not a valid JSX element type.
    Type 'typeof View' is not assignable to type 'new (props: any, context: any) => Component<any, any, any>'.
      Type 'View' is missing the following properties from type 'Component<any, any, any>': context, setState, forceUpdate, render, and 2 more.
src/components/FeedCard.tsx(191,13): error TS2607: JSX element class does not support attributes because it does not have a 'props' property.
src/components/FeedCard.tsx(191,14): error TS2786: 'View' cannot be used as a JSX component.
  Its type 'typeof View' is not a valid JSX element type.
    Type 'typeof View' is not assignable to type 'new (props: any, context: any) => Component<any, any, any>'.
      Type 'View' is missing the following properties from type 'Component<any, any, any>': context, setState, forceUpdate, render, and 2 more.
src/components/FeedCard.tsx(192,15): error TS2607: JSX element class does not support attributes because it does not have a 'props' property.
src/components/FeedCard.tsx(192,16): error TS2786: 'View' cannot be used as a JSX component.
  Its type 'typeof View' is not a valid JSX element type.
    Type 'typeof View' is not assignable to type 'new (props: any, context: any) => Component<any, any, any>'.
      Type 'View' is missing the following properties from type 'Component<any, any, any>': context, setState, forceUpdate, render, and 2 more.
src/components/FeedCard.tsx(193,17): error TS2607: JSX element class does not support attributes because it does not have a 'props' property.
src/components/FeedCard.tsx(193,18): error TS2786: 'Text' cannot be used as a JSX component.
  Its type 'typeof Text' is not a valid JSX element type.
    Type 'typeof Text' is not assignable to type 'new (props: any, context: any) => Component<any, any, any>'.
      Type 'Text' is missing the following properties from type 'Component<any, any, any>': context, setState, forceUpdate, render, and 2 more.
src/components/FeedCard.tsx(198,19): error TS2607: JSX element class does not support attributes because it does not have a 'props' property.
src/components/FeedCard.tsx(198,20): error TS2786: 'View' cannot be used as a JSX component.
  Its type 'typeof View' is not a valid JSX element type.
    Type 'typeof View' is not assignable to type 'new (props: any, context: any) => Component<any, any, any>'.
      Type 'View' is missing the following properties from type 'Component<any, any, any>': context, setState, forceUpdate, render, and 2 more.
src/components/FeedCard.tsx(199,21): error TS2607: JSX element class does not support attributes because it does not have a 'props' property.
src/components/FeedCard.tsx(199,22): error TS2786: 'Text' cannot be used as a JSX component.
  Its type 'typeof Text' is not a valid JSX element type.
    Type 'typeof Text' is not assignable to type 'new (props: any, context: any) => Component<any, any, any>'.
      Type 'Text' is missing the following properties from type 'Component<any, any, any>': context, setState, forceUpdate, render, and 2 more.
src/components/FeedCard.tsx(211,21): error TS2607: JSX element class does not support attributes because it does not have a 'props' property.
src/components/FeedCard.tsx(211,22): error TS2786: 'Text' cannot be used as a JSX component.
  Its type 'typeof Text' is not a valid JSX element type.
    Type 'typeof Text' is not assignable to type 'new (props: any, context: any) => Component<any, any, any>'.
      Type 'Text' is missing the following properties from type 'Component<any, any, any>': context, setState, forceUpdate, render, and 2 more.
src/components/FeedCard.tsx(217,19): error TS2607: JSX element class does not support attributes because it does not have a 'props' property.
src/components/FeedCard.tsx(217,20): error TS2786: 'View' cannot be used as a JSX component.
  Its type 'typeof View' is not a valid JSX element type.
    Type 'typeof View' is not assignable to type 'new (props: any, context: any) => Component<any, any, any>'.
      Type 'View' is missing the following properties from type 'Component<any, any, any>': context, setState, forceUpdate, render, and 2 more.
src/components/FeedCard.tsx(228,15): error TS2607: JSX element class does not support attributes because it does not have a 'props' property.
src/components/FeedCard.tsx(228,16): error TS2786: 'View' cannot be used as a JSX component.
  Its type 'typeof View' is not a valid JSX element type.
    Type 'typeof View' is not assignable to type 'new (props: any, context: any) => Component<any, any, any>'.
      Type 'View' is missing the following properties from type 'Component<any, any, any>': context, setState, forceUpdate, render, and 2 more.
src/components/FeedCard.tsx(230,17): error TS2607: JSX element class does not support attributes because it does not have a 'props' property.
src/components/FeedCard.tsx(230,18): error TS2786: 'Text' cannot be used as a JSX component.
  Its type 'typeof Text' is not a valid JSX element type.
    Type 'typeof Text' is not assignable to type 'new (props: any, context: any) => Component<any, any, any>'.
      Type 'Text' is missing the following properties from type 'Component<any, any, any>': context, setState, forceUpdate, render, and 2 more.
src/components/FeedCard.tsx(233,17): error TS2607: JSX element class does not support attributes because it does not have a 'props' property.
src/components/FeedCard.tsx(233,18): error TS2786: 'Text' cannot be used as a JSX component.
  Its type 'typeof Text' is not a valid JSX element type.
    Type 'typeof Text' is not assignable to type 'new (props: any, context: any) => Component<any, any, any>'.
      Type 'Text' is missing the following properties from type 'Component<any, any, any>': context, setState, forceUpdate, render, and 2 more.
src/components/FeedCard.tsx(234,17): error TS2607: JSX element class does not support attributes because it does not have a 'props' property.
src/components/FeedCard.tsx(234,18): error TS2786: 'Text' cannot be used as a JSX component.
  Its type 'typeof Text' is not a valid JSX element type.
    Type 'typeof Text' is not assignable to type 'new (props: any, context: any) => Component<any, any, any>'.
      Type 'Text' is missing the following properties from type 'Component<any, any, any>': context, setState, forceUpdate, render, and 2 more.
src/components/FeedCard.tsx(237,17): error TS2607: JSX element class does not support attributes because it does not have a 'props' property.
src/components/FeedCard.tsx(237,18): error TS2786: 'Text' cannot be used as a JSX component.
  Its type 'typeof Text' is not a valid JSX element type.
    Type 'typeof Text' is not assignable to type 'new (props: any, context: any) => Component<any, any, any>'.
      Type 'Text' is missing the following properties from type 'Component<any, any, any>': context, setState, forceUpdate, render, and 2 more.
src/components/FeedCard.tsx(238,17): error TS2607: JSX element class does not support attributes because it does not have a 'props' property.
src/components/FeedCard.tsx(238,18): error TS2786: 'Text' cannot be used as a JSX component.
  Its type 'typeof Text' is not a valid JSX element type.
    Type 'typeof Text' is not assignable to type 'new (props: any, context: any) => Component<any, any, any>'.
      Type 'Text' is missing the following properties from type 'Component<any, any, any>': context, setState, forceUpdate, render, and 2 more.
src/components/FeedCard.tsx(246,11): error TS2607: JSX element class does not support attributes because it does not have a 'props' property.
src/components/FeedCard.tsx(246,12): error TS2786: 'View' cannot be used as a JSX component.
  Its type 'typeof View' is not a valid JSX element type.
    Type 'typeof View' is not assignable to type 'new (props: any, context: any) => Component<any, any, any>'.
      Type 'View' is missing the following properties from type 'Component<any, any, any>': context, setState, forceUpdate, render, and 2 more.
src/components/FeedCard.tsx(262,9): error TS2607: JSX element class does not support attributes because it does not have a 'props' property.
src/components/FeedCard.tsx(262,10): error TS2786: 'View' cannot be used as a JSX component.
  Its type 'typeof View' is not a valid JSX element type.
    Type 'typeof View' is not assignable to type 'new (props: any, context: any) => Component<any, any, any>'.
      Type 'View' is missing the following properties from type 'Component<any, any, any>': context, setState, forceUpdate, render, and 2 more.
src/components/FeedCard.tsx(263,11): error TS2607: JSX element class does not support attributes because it does not have a 'props' property.
src/components/FeedCard.tsx(263,12): error TS2786: 'Text' cannot be used as a JSX component.
  Its type 'typeof Text' is not a valid JSX element type.
    Type 'typeof Text' is not assignable to type 'new (props: any, context: any) => Component<any, any, any>'.
      Type 'Text' is missing the following properties from type 'Component<any, any, any>': context, setState, forceUpdate, render, and 2 more.
src/components/FeedCard.tsx(272,15): error TS2607: JSX element class does not support attributes because it does not have a 'props' property.
src/components/FeedCard.tsx(272,16): error TS2786: 'Text' cannot be used as a JSX component.
  Its type 'typeof Text' is not a valid JSX element type.
    Type 'typeof Text' is not assignable to type 'new (props: any, context: any) => Component<any, any, any>'.
      Type 'Text' is missing the following properties from type 'Component<any, any, any>': context, setState, forceUpdate, render, and 2 more.
src/components/FeedCard.tsx(281,13): error TS2607: JSX element class does not support attributes because it does not have a 'props' property.
src/components/FeedCard.tsx(281,14): error TS2786: 'View' cannot be used as a JSX component.
  Its type 'typeof View' is not a valid JSX element type.
    Type 'typeof View' is not assignable to type 'new (props: any, context: any) => Component<any, any, any>'.
      Type 'View' is missing the following properties from type 'Component<any, any, any>': context, setState, forceUpdate, render, and 2 more.
src/components/FeedCard.tsx(282,15): error TS2607: JSX element class does not support attributes because it does not have a 'props' property.
src/components/FeedCard.tsx(282,16): error TS2786: 'View' cannot be used as a JSX component.
  Its type 'typeof View' is not a valid JSX element type.
    Type 'typeof View' is not assignable to type 'new (props: any, context: any) => Component<any, any, any>'.
      Type 'View' is missing the following properties from type 'Component<any, any, any>': context, setState, forceUpdate, render, and 2 more.
src/components/FeedCard.tsx(284,17): error TS2607: JSX element class does not support attributes because it does not have a 'props' property.
src/components/FeedCard.tsx(284,18): error TS2786: 'Text' cannot be used as a JSX component.
  Its type 'typeof Text' is not a valid JSX element type.
    Type 'typeof Text' is not assignable to type 'new (props: any, context: any) => Component<any, any, any>'.
      Type 'Text' is missing the following properties from type 'Component<any, any, any>': context, setState, forceUpdate, render, and 2 more.
src/components/FeedCard.tsx(286,15): error TS2607: JSX element class does not support attributes because it does not have a 'props' property.
src/components/FeedCard.tsx(286,16): error TS2786: 'Text' cannot be used as a JSX component.
  Its type 'typeof Text' is not a valid JSX element type.
    Type 'typeof Text' is not assignable to type 'new (props: any, context: any) => Component<any, any, any>'.
      Type 'Text' is missing the following properties from type 'Component<any, any, any>': context, setState, forceUpdate, render, and 2 more.
src/components/FeedCard.tsx(297,17): error TS2607: JSX element class does not support attributes because it does not have a 'props' property.
src/components/FeedCard.tsx(297,18): error TS2786: 'View' cannot be used as a JSX component.
  Its type 'typeof View' is not a valid JSX element type.
    Type 'typeof View' is not assignable to type 'new (props: any, context: any) => Component<any, any, any>'.
      Type 'View' is missing the following properties from type 'Component<any, any, any>': context, setState, forceUpdate, render, and 2 more.
src/components/FeedCard.tsx(298,19): error TS2607: JSX element class does not support attributes because it does not have a 'props' property.
src/components/FeedCard.tsx(298,20): error TS2786: 'ActivityIndicator' cannot be used as a JSX component.
  Its type 'typeof ActivityIndicator' is not a valid JSX element type.
    Type 'typeof ActivityIndicator' is not assignable to type 'new (props: any, context: any) => Component<any, any, any>'.
      Type 'ActivityIndicator' is missing the following properties from type 'Component<any, any, any>': context, setState, forceUpdate, render, and 2 more.
src/components/FeedCard.tsx(299,19): error TS2607: JSX element class does not support attributes because it does not have a 'props' property.
src/components/FeedCard.tsx(299,20): error TS2786: 'Text' cannot be used as a JSX component.
  Its type 'typeof Text' is not a valid JSX element type.
    Type 'typeof Text' is not assignable to type 'new (props: any, context: any) => Component<any, any, any>'.
      Type 'Text' is missing the following properties from type 'Component<any, any, any>': context, setState, forceUpdate, render, and 2 more.
src/components/FeedCard.tsx(302,17): error TS2607: JSX element class does not support attributes because it does not have a 'props' property.
src/components/FeedCard.tsx(302,18): error TS2786: 'View' cannot be used as a JSX component.
  Its type 'typeof View' is not a valid JSX element type.
    Type 'typeof View' is not assignable to type 'new (props: any, context: any) => Component<any, any, any>'.
      Type 'View' is missing the following properties from type 'Component<any, any, any>': context, setState, forceUpdate, render, and 2 more.
src/components/FeedCard.tsx(304,19): error TS2607: JSX element class does not support attributes because it does not have a 'props' property.
src/components/FeedCard.tsx(304,20): error TS2786: 'Text' cannot be used as a JSX component.
  Its type 'typeof Text' is not a valid JSX element type.
    Type 'typeof Text' is not assignable to type 'new (props: any, context: any) => Component<any, any, any>'.
      Type 'Text' is missing the following properties from type 'Component<any, any, any>': context, setState, forceUpdate, render, and 2 more.
src/components/FeedCard.tsx(313,11): error TS2607: JSX element class does not support attributes because it does not have a 'props' property.
src/components/FeedCard.tsx(313,12): error TS2786: 'View' cannot be used as a JSX component.
  Its type 'typeof View' is not a valid JSX element type.
    Type 'typeof View' is not assignable to type 'new (props: any, context: any) => Component<any, any, any>'.
      Type 'View' is missing the following properties from type 'Component<any, any, any>': context, setState, forceUpdate, render, and 2 more.
src/components/FeedCard.tsx(323,9): error TS2607: JSX element class does not support attributes because it does not have a 'props' property.
src/components/FeedCard.tsx(323,10): error TS2786: 'View' cannot be used as a JSX component.
  Its type 'typeof View' is not a valid JSX element type.
    Type 'typeof View' is not assignable to type 'new (props: any, context: any) => Component<any, any, any>'.
      Type 'View' is missing the following properties from type 'Component<any, any, any>': context, setState, forceUpdate, render, and 2 more.
src/components/FeedCard.tsx(336,14): error TS2322: Type '{ children: Element; style: { transform: { scale: Value; }[]; }; }' is not assignable to type 'IntrinsicAttributes & AnimatedProps<{}>'.
  Property 'children' does not exist on type 'IntrinsicAttributes & AnimatedProps<{}>'.
src/components/FeedCard.tsx(344,15): error TS2607: JSX element class does not support attributes because it does not have a 'props' property.
src/components/FeedCard.tsx(344,16): error TS2786: 'Text' cannot be used as a JSX component.
  Its type 'typeof Text' is not a valid JSX element type.
    Type 'typeof Text' is not assignable to type 'new (props: any, context: any) => Component<any, any, any>'.
      Type 'Text' is missing the following properties from type 'Component<any, any, any>': context, setState, forceUpdate, render, and 2 more.
src/components/FeedCard.tsx(358,15): error TS2607: JSX element class does not support attributes because it does not have a 'props' property.
src/components/FeedCard.tsx(358,16): error TS2786: 'Text' cannot be used as a JSX component.
  Its type 'typeof Text' is not a valid JSX element type.
    Type 'typeof Text' is not assignable to type 'new (props: any, context: any) => Component<any, any, any>'.
      Type 'Text' is missing the following properties from type 'Component<any, any, any>': context, setState, forceUpdate, render, and 2 more.
src/components/FeedCard.tsx(370,14): error TS2322: Type '{ children: Element; style: { transform: { scale: Value; }[]; }; }' is not assignable to type 'IntrinsicAttributes & AnimatedProps<{}>'.
  Property 'children' does not exist on type 'IntrinsicAttributes & AnimatedProps<{}>'.
src/components/FeedCard.tsx(377,15): error TS2607: JSX element class does not support attributes because it does not have a 'props' property.
src/components/FeedCard.tsx(377,16): error TS2786: 'Text' cannot be used as a JSX component.
  Its type 'typeof Text' is not a valid JSX element type.
    Type 'typeof Text' is not assignable to type 'new (props: any, context: any) => Component<any, any, any>'.
      Type 'Text' is missing the following properties from type 'Component<any, any, any>': context, setState, forceUpdate, render, and 2 more.
src/components/FeedCard.tsx(393,11): error TS2607: JSX element class does not support attributes because it does not have a 'props' property.
src/components/FeedCard.tsx(393,12): error TS2786: 'View' cannot be used as a JSX component.
  Its type 'typeof View' is not a valid JSX element type.
    Type 'typeof View' is not assignable to type 'new (props: any, context: any) => Component<any, any, any>'.
      Type 'View' is missing the following properties from type 'Component<any, any, any>': context, setState, forceUpdate, render, and 2 more.
src/components/Footer.tsx(16,5): error TS2607: JSX element class does not support attributes because it does not have a 'props' property.
src/components/Footer.tsx(16,6): error TS2786: 'View' cannot be used as a JSX component.
  Its type 'typeof View' is not a valid JSX element type.
    Type 'typeof View' is not assignable to type 'new (props: any, context: any) => Component<any, any, any>'.
      Type 'View' is missing the following properties from type 'Component<any, any, any>': context, setState, forceUpdate, render, and 2 more.
src/components/Footer.tsx(18,7): error TS2607: JSX element class does not support attributes because it does not have a 'props' property.
src/components/Footer.tsx(18,8): error TS2786: 'View' cannot be used as a JSX component.
  Its type 'typeof View' is not a valid JSX element type.
    Type 'typeof View' is not assignable to type 'new (props: any, context: any) => Component<any, any, any>'.
      Type 'View' is missing the following properties from type 'Component<any, any, any>': context, setState, forceUpdate, render, and 2 more.
src/components/Footer.tsx(20,9): error TS2607: JSX element class does not support attributes because it does not have a 'props' property.
src/components/Footer.tsx(20,10): error TS2786: 'Text' cannot be used as a JSX component.
  Its type 'typeof Text' is not a valid JSX element type.
    Type 'typeof Text' is not assignable to type 'new (props: any, context: any) => Component<any, any, any>'.
      Type 'Text' is missing the following properties from type 'Component<any, any, any>': context, setState, forceUpdate, render, and 2 more.
src/components/Footer.tsx(21,9): error TS2607: JSX element class does not support attributes because it does not have a 'props' property.
src/components/Footer.tsx(21,10): error TS2786: 'View' cannot be used as a JSX component.
  Its type 'typeof View' is not a valid JSX element type.
    Type 'typeof View' is not assignable to type 'new (props: any, context: any) => Component<any, any, any>'.
      Type 'View' is missing the following properties from type 'Component<any, any, any>': context, setState, forceUpdate, render, and 2 more.
src/components/Footer.tsx(22,9): error TS2607: JSX element class does not support attributes because it does not have a 'props' property.
src/components/Footer.tsx(22,10): error TS2786: 'Text' cannot be used as a JSX component.
  Its type 'typeof Text' is not a valid JSX element type.
    Type 'typeof Text' is not assignable to type 'new (props: any, context: any) => Component<any, any, any>'.
      Type 'Text' is missing the following properties from type 'Component<any, any, any>': context, setState, forceUpdate, render, and 2 more.
src/components/Footer.tsx(25,7): error TS2607: JSX element class does not support attributes because it does not have a 'props' property.
src/components/Footer.tsx(25,8): error TS2786: 'View' cannot be used as a JSX component.
  Its type 'typeof View' is not a valid JSX element type.
    Type 'typeof View' is not assignable to type 'new (props: any, context: any) => Component<any, any, any>'.
      Type 'View' is missing the following properties from type 'Component<any, any, any>': context, setState, forceUpdate, render, and 2 more.
src/components/Footer.tsx(38,13): error TS2607: JSX element class does not support attributes because it does not have a 'props' property.
src/components/Footer.tsx(38,14): error TS2786: 'View' cannot be used as a JSX component.
  Its type 'typeof View' is not a valid JSX element type.
    Type 'typeof View' is not assignable to type 'new (props: any, context: any) => Component<any, any, any>'.
      Type 'View' is missing the following properties from type 'Component<any, any, any>': context, setState, forceUpdate, render, and 2 more.
src/components/Footer.tsx(39,15): error TS2607: JSX element class does not support attributes because it does not have a 'props' property.
src/components/Footer.tsx(39,16): error TS2786: 'Text' cannot be used as a JSX component.
  Its type 'typeof Text' is not a valid JSX element type.
    Type 'typeof Text' is not assignable to type 'new (props: any, context: any) => Component<any, any, any>'.
      Type 'Text' is missing the following properties from type 'Component<any, any, any>': context, setState, forceUpdate, render, and 2 more.
src/components/Footer.tsx(40,15): error TS2607: JSX element class does not support attributes because it does not have a 'props' property.
src/components/Footer.tsx(40,16): error TS2786: 'Text' cannot be used as a JSX component.
  Its type 'typeof Text' is not a valid JSX element type.
    Type 'typeof Text' is not assignable to type 'new (props: any, context: any) => Component<any, any, any>'.
      Type 'Text' is missing the following properties from type 'Component<any, any, any>': context, setState, forceUpdate, render, and 2 more.
src/components/Footer.tsx(47,7): error TS2607: JSX element class does not support attributes because it does not have a 'props' property.
src/components/Footer.tsx(47,8): error TS2786: 'View' cannot be used as a JSX component.
  Its type 'typeof View' is not a valid JSX element type.
    Type 'typeof View' is not assignable to type 'new (props: any, context: any) => Component<any, any, any>'.
      Type 'View' is missing the following properties from type 'Component<any, any, any>': context, setState, forceUpdate, render, and 2 more.
src/components/Footer.tsx(48,9): error TS2607: JSX element class does not support attributes because it does not have a 'props' property.
src/components/Footer.tsx(48,10): error TS2786: 'View' cannot be used as a JSX component.
  Its type 'typeof View' is not a valid JSX element type.
    Type 'typeof View' is not assignable to type 'new (props: any, context: any) => Component<any, any, any>'.
      Type 'View' is missing the following properties from type 'Component<any, any, any>': context, setState, forceUpdate, render, and 2 more.
src/components/Footer.tsx(50,11): error TS2607: JSX element class does not support attributes because it does not have a 'props' property.
src/components/Footer.tsx(50,12): error TS2786: 'Text' cannot be used as a JSX component.
  Its type 'typeof Text' is not a valid JSX element type.
    Type 'typeof Text' is not assignable to type 'new (props: any, context: any) => Component<any, any, any>'.
      Type 'Text' is missing the following properties from type 'Component<any, any, any>': context, setState, forceUpdate, render, and 2 more.
src/components/Footer.tsx(51,11): error TS2607: JSX element class does not support attributes because it does not have a 'props' property.
src/components/Footer.tsx(51,12): error TS2786: 'View' cannot be used as a JSX component.
  Its type 'typeof View' is not a valid JSX element type.
    Type 'typeof View' is not assignable to type 'new (props: any, context: any) => Component<any, any, any>'.
      Type 'View' is missing the following properties from type 'Component<any, any, any>': context, setState, forceUpdate, render, and 2 more.
src/components/Footer.tsx(52,11): error TS2607: JSX element class does not support attributes because it does not have a 'props' property.
src/components/Footer.tsx(52,12): error TS2786: 'Text' cannot be used as a JSX component.
  Its type 'typeof Text' is not a valid JSX element type.
    Type 'typeof Text' is not assignable to type 'new (props: any, context: any) => Component<any, any, any>'.
      Type 'Text' is missing the following properties from type 'Component<any, any, any>': context, setState, forceUpdate, render, and 2 more.
src/components/Footer.tsx(55,9): error TS2607: JSX element class does not support attributes because it does not have a 'props' property.
src/components/Footer.tsx(55,10): error TS2786: 'View' cannot be used as a JSX component.
  Its type 'typeof View' is not a valid JSX element type.
    Type 'typeof View' is not assignable to type 'new (props: any, context: any) => Component<any, any, any>'.
      Type 'View' is missing the following properties from type 'Component<any, any, any>': context, setState, forceUpdate, render, and 2 more.
src/components/Footer.tsx(67,15): error TS2607: JSX element class does not support attributes because it does not have a 'props' property.
src/components/Footer.tsx(67,16): error TS2786: 'Text' cannot be used as a JSX component.
  Its type 'typeof Text' is not a valid JSX element type.
    Type 'typeof Text' is not assignable to type 'new (props: any, context: any) => Component<any, any, any>'.
      Type 'Text' is missing the following properties from type 'Component<any, any, any>': context, setState, forceUpdate, render, and 2 more.
src/components/Footer.tsx(74,7): error TS2607: JSX element class does not support attributes because it does not have a 'props' property.
src/components/Footer.tsx(74,8): error TS2786: 'View' cannot be used as a JSX component.
  Its type 'typeof View' is not a valid JSX element type.
    Type 'typeof View' is not assignable to type 'new (props: any, context: any) => Component<any, any, any>'.
      Type 'View' is missing the following properties from type 'Component<any, any, any>': context, setState, forceUpdate, render, and 2 more.
src/components/Footer.tsx(75,9): error TS2607: JSX element class does not support attributes because it does not have a 'props' property.
src/components/Footer.tsx(75,10): error TS2786: 'View' cannot be used as a JSX component.
  Its type 'typeof View' is not a valid JSX element type.
    Type 'typeof View' is not assignable to type 'new (props: any, context: any) => Component<any, any, any>'.
      Type 'View' is missing the following properties from type 'Component<any, any, any>': context, setState, forceUpdate, render, and 2 more.
src/components/Footer.tsx(77,11): error TS2607: JSX element class does not support attributes because it does not have a 'props' property.
src/components/Footer.tsx(77,12): error TS2786: 'Text' cannot be used as a JSX component.
  Its type 'typeof Text' is not a valid JSX element type.
    Type 'typeof Text' is not assignable to type 'new (props: any, context: any) => Component<any, any, any>'.
      Type 'Text' is missing the following properties from type 'Component<any, any, any>': context, setState, forceUpdate, render, and 2 more.
src/components/Footer.tsx(81,9): error TS2607: JSX element class does not support attributes because it does not have a 'props' property.
src/components/Footer.tsx(81,10): error TS2786: 'Text' cannot be used as a JSX component.
  Its type 'typeof Text' is not a valid JSX element type.
    Type 'typeof Text' is not assignable to type 'new (props: any, context: any) => Component<any, any, any>'.
      Type 'Text' is missing the following properties from type 'Component<any, any, any>': context, setState, forceUpdate, render, and 2 more.
src/components/IssueImageCarousel.tsx(50,7): error TS2607: JSX element class does not support attributes because it does not have a 'props' property.
src/components/IssueImageCarousel.tsx(50,8): error TS2786: 'View' cannot be used as a JSX component.
  Its type 'typeof View' is not a valid JSX element type.
    Type 'typeof View' is not assignable to type 'new (props: any, context: any) => Component<any, any, any>'.
      Type 'View' is missing the following properties from type 'Component<any, any, any>': context, setState, forceUpdate, render, and 2 more.
src/components/IssueImageCarousel.tsx(61,5): error TS2607: JSX element class does not support attributes because it does not have a 'props' property.
src/components/IssueImageCarousel.tsx(61,6): error TS2786: 'View' cannot be used as a JSX component.
  Its type 'typeof View' is not a valid JSX element type.
    Type 'typeof View' is not assignable to type 'new (props: any, context: any) => Component<any, any, any>'.
      Type 'View' is missing the following properties from type 'Component<any, any, any>': context, setState, forceUpdate, render, and 2 more.
src/components/IssueImageCarousel.tsx(67,11): error TS2607: JSX element class does not support attributes because it does not have a 'props' property.
src/components/IssueImageCarousel.tsx(67,12): error TS2786: 'ScrollView' cannot be used as a JSX component.
  Its type 'typeof ScrollView' is not a valid JSX element type.
    Type 'typeof ScrollView' is not assignable to type 'new (props: any, context: any) => Component<any, any, any>'.
      Type 'ScrollView' is missing the following properties from type 'Component<any, any, any>': context, setState, forceUpdate, render, and 2 more.
src/components/IssueImageCarousel.tsx(78,11): error TS2607: JSX element class does not support attributes because it does not have a 'props' property.
src/components/IssueImageCarousel.tsx(78,12): error TS2786: 'View' cannot be used as a JSX component.
  Its type 'typeof View' is not a valid JSX element type.
    Type 'typeof View' is not assignable to type 'new (props: any, context: any) => Component<any, any, any>'.
      Type 'View' is missing the following properties from type 'Component<any, any, any>': context, setState, forceUpdate, render, and 2 more.
src/components/IssueImageCarousel.tsx(88,15): error TS2607: JSX element class does not support attributes because it does not have a 'props' property.
src/components/IssueImageCarousel.tsx(88,16): error TS2786: 'View' cannot be used as a JSX component.
  Its type 'typeof View' is not a valid JSX element type.
    Type 'typeof View' is not assignable to type 'new (props: any, context: any) => Component<any, any, any>'.
      Type 'View' is missing the following properties from type 'Component<any, any, any>': context, setState, forceUpdate, render, and 2 more.
src/components/Skeleton.tsx(40,5): error TS2607: JSX element class does not support attributes because it does not have a 'props' property.
src/components/Skeleton.tsx(40,6): error TS2786: 'View' cannot be used as a JSX component.
  Its type 'typeof View' is not a valid JSX element type.
    Type 'typeof View' is not assignable to type 'new (props: any, context: any) => Component<any, any, any>'.
      Type 'View' is missing the following properties from type 'Component<any, any, any>': context, setState, forceUpdate, render, and 2 more.
